hospital_name,department,arrival_time,day_of_week,queue_length,is_emergency,weather_condition,wait_time_min
Ibn Sina,Emergency,13:04,Wednesday,21,Yes,Clear,28.8
Ibn Sina,Cardiology,14:21,Wednesday,11,No,Clear,26.58
Apollo Hospital,General,13:13,Tuesday,8,No,Rainy,19.69
Popular Diagnostic,Emergency,13:30,Thursday,23,Yes,Clear,26.71
Ibn Sina,Pediatrics,09:06,Thursday,25,No,Clear,36.96
Popular Diagnostic,Emergency,16:09,Wednesday,14,Yes,Clear,19.76
Ibn Sina,Pediatrics,12:50,Sunday,26,No,Clear,35.02
Square Hospital,General,14:21,Monday,28,No,Rainy,41.74
Square Hospital,Cardiology,11:11,Thursday,8,No,Clear,21.92
Ibn Sina,Pediatrics,13:07,Thursday,24,No,Clear,38.06
Dhaka Medical,General,09:47,Tuesday,23,No,Clear,39.95
Square Hospital,Cardiology,17:08,Monday,14,No,Rainy,32.79
Apollo Hospital,General,11:51,Thursday,13,No,Clear,29.19
Apollo Hospital,Emergency,15:46,Sunday,27,Yes,Clear,43.03
Dhaka Medical,Cardiology,17:03,Thursday,18,No,Rainy,37.55
Popular Diagnostic,Emergency,14:37,Wednesday,29,Yes,Clear,45.49
Popular Diagnostic,Emergency,11:46,Monday,24,Yes,Clear,35.9
Ibn Sina,Emergency,09:48,Sunday,12,Yes,Clear,24.8
Dhaka Medical,General,13:30,Thursday,18,No,Clear,40.49
Dhaka Medical,General,08:40,Tuesday,26,No,Clear,41.87
Ibn Sina,Pediatrics,17:59,Thursday,25,No,Rainy,46.43
Apollo Hospital,General,14:47,Monday,1,No,Clear,11.34
Square Hospital,General,08:34,Wednesday,25,No,Clear,45.29
Square Hospital,Emergency,10:49,Wednesday,28,Yes,Clear,32.97
Dhaka Medical,Pediatrics,13:09,Tuesday,12,No,Clear,25.72
Square Hospital,Pediatrics,10:49,Thursday,0,No,Rainy,7.72
Dhaka Medical,Emergency,13:47,Wednesday,29,Yes,Clear,45.99
Dhaka Medical,Pediatrics,14:07,Thursday,21,No,Clear,39.75
Dhaka Medical,Cardiology,17:04,Thursday,22,No,Clear,44.35
Apollo Hospital,Cardiology,09:00,Tuesday,0,No,Clear,12.55
Popular Diagnostic,Cardiology,09:30,Monday,1,No,Clear,12.17
Square Hospital,Pediatrics,08:18,Tuesday,29,No,Clear,46.1
Square Hospital,General,08:16,Sunday,21,No,Rainy,45.23
Popular Diagnostic,Cardiology,17:25,Monday,10,No,Clear,25.29
Apollo Hospital,Cardiology,09:38,Tuesday,23,No,Clear,39.39
Apollo Hospital,Emergency,16:03,Tuesday,13,Yes,Clear,16.99
Ibn Sina,Emergency,11:55,Thursday,18,Yes,Clear,38.64
Popular Diagnostic,General,12:59,Wednesday,23,No,Clear,38.8
Apollo Hospital,General,14:29,Sunday,10,No,Clear,19.8
Dhaka Medical,Pediatrics,13:24,Wednesday,1,No,Clear,7.5
Apollo Hospital,Pediatrics,08:13,Sunday,28,No,Rainy,42.76
Popular Diagnostic,General,11:34,Tuesday,12,No,Clear,27.12
Popular Diagnostic,Emergency,16:05,Sunday,29,Yes,Rainy,42.5
Apollo Hospital,Cardiology,13:51,Wednesday,26,No,Clear,50.48
Square Hospital,General,15:22,Wednesday,11,No,Clear,22.3
Square Hospital,General,13:07,Wednesday,0,No,Rainy,10.94
Ibn Sina,Pediatrics,08:26,Tuesday,22,No,Clear,38.11
Square Hospital,Pediatrics,13:16,Monday,9,No,Clear,19.29
Dhaka Medical,Cardiology,10:09,Thursday,23,No,Rainy,51.7
Popular Diagnostic,General,15:36,Wednesday,27,No,Clear,42.46
Apollo Hospital,Pediatrics,17:17,Wednesday,3,No,Clear,12.8
Dhaka Medical,Emergency,11:39,Tuesday,4,Yes,Clear,9.36
Square Hospital,Pediatrics,15:01,Sunday,21,No,Clear,38.73
Popular Diagnostic,General,11:01,Monday,20,No,Rainy,43.03
Dhaka Medical,Cardiology,16:49,Wednesday,7,No,Rainy,22.39
Square Hospital,Pediatrics,14:38,Tuesday,23,No,Rainy,39.84
Apollo Hospital,Pediatrics,08:08,Tuesday,4,No,Clear,13.31
Apollo Hospital,General,14:49,Tuesday,18,No,Rainy,38.99
Popular Diagnostic,General,08:37,Thursday,19,No,Clear,42.87
Square Hospital,Cardiology,10:46,Tuesday,10,No,Clear,24.68
Dhaka Medical,Pediatrics,12:12,Monday,6,No,Rainy,18.12
Square Hospital,Pediatrics,12:49,Thursday,15,No,Clear,35.08
Ibn Sina,Emergency,10:29,Sunday,28,Yes,Clear,26.7
Ibn Sina,Cardiology,08:06,Wednesday,6,No,Clear,20.16
Popular Diagnostic,Pediatrics,09:22,Sunday,2,No,Clear,10.87
Square Hospital,Pediatrics,16:28,Tuesday,21,No,Rainy,34.64
Square Hospital,Pediatrics,08:45,Tuesday,20,No,Rainy,32.66
Dhaka Medical,Pediatrics,17:44,Thursday,12,No,Clear,24.29
Square Hospital,General,16:07,Wednesday,25,No,Clear,39.54
Apollo Hospital,Emergency,17:28,Wednesday,21,Yes,Clear,28.44
Ibn Sina,Pediatrics,09:05,Wednesday,28,No,Clear,47.18
Popular Diagnostic,Cardiology,09:03,Monday,17,No,Clear,31.59
Popular Diagnostic,Pediatrics,14:42,Sunday,8,No,Clear,16.74
Square Hospital,Cardiology,09:00,Sunday,23,No,Clear,41.74
Apollo Hospital,General,17:08,Sunday,30,No,Clear,50.1
Ibn Sina,Cardiology,16:44,Tuesday,7,No,Rainy,21.02
Popular Diagnostic,Emergency,15:48,Sunday,22,Yes,Rainy,36.22
Dhaka Medical,Emergency,13:03,Sunday,22,Yes,Rainy,24.24
Popular Diagnostic,Pediatrics,11:06,Thursday,17,No,Clear,31.53
Apollo Hospital,General,17:21,Sunday,0,No,Clear,10.22
Popular Diagnostic,Emergency,14:45,Tuesday,10,Yes,Rainy,14.63
Square Hospital,Cardiology,16:29,Thursday,2,No,Clear,14.14
Ibn Sina,Cardiology,17:37,Sunday,18,No,Clear,30.71
Square Hospital,Pediatrics,16:13,Wednesday,26,No,Clear,38.67
Square Hospital,Emergency,10:38,Monday,9,Yes,Clear,19.31
Dhaka Medical,Cardiology,12:04,Monday,2,No,Clear,13.95
Square Hospital,Cardiology,17:24,Sunday,18,No,Clear,36.91
Square Hospital,Pediatrics,14:44,Tuesday,2,No,Clear,9.16
Square Hospital,Cardiology,11:33,Sunday,16,No,Clear,32.26
Popular Diagnostic,Emergency,16:21,Sunday,4,Yes,Clear,12.02
Square Hospital,General,12:02,Monday,9,No,Clear,20.82
Square Hospital,Cardiology,16:17,Sunday,28,No,Rainy,51.0
Dhaka Medical,General,13:42,Monday,17,No,Clear,27.48
Square Hospital,Cardiology,11:44,Thursday,1,No,Clear,15.18
Square Hospital,Emergency,11:05,Monday,14,Yes,Clear,18.94
Square Hospital,Cardiology,09:56,Wednesday,18,No,Clear,37.21
Apollo Hospital,General,11:59,Wednesday,17,No,Clear,29.64
Ibn Sina,Cardiology,13:36,Wednesday,8,No,Rainy,24.49
Square Hospital,General,15:04,Thursday,10,No,Clear,27.07
Square Hospital,Pediatrics,16:08,Sunday,17,No,Rainy,31.47
Ibn Sina,Pediatrics,10:04,Wednesday,8,No,Rainy,21.31
Square Hospital,Cardiology,13:11,Tuesday,25,No,Clear,45.18
Ibn Sina,Cardiology,12:52,Tuesday,23,No,Rainy,41.52
Square Hospital,General,12:59,Sunday,8,No,Clear,16.51
Popular Diagnostic,Cardiology,16:17,Sunday,10,No,Clear,24.08
Dhaka Medical,Pediatrics,16:05,Tuesday,7,No,Rainy,17.28
Ibn Sina,Pediatrics,08:17,Wednesday,25,No,Clear,36.47
Square Hospital,Pediatrics,08:02,Sunday,4,No,Rainy,14.1
Apollo Hospital,Pediatrics,13:41,Thursday,1,No,Clear,8.32
Popular Diagnostic,General,08:07,Wednesday,20,No,Clear,29.71
Dhaka Medical,Pediatrics,16:43,Monday,9,No,Rainy,18.19
Square Hospital,Pediatrics,17:26,Thursday,21,No,Clear,33.84
Ibn Sina,Emergency,08:27,Monday,18,Yes,Clear,27.58
Popular Diagnostic,Cardiology,13:59,Sunday,6,No,Clear,21.68
Dhaka Medical,Emergency,10:10,Monday,7,Yes,Clear,11.43
Apollo Hospital,Pediatrics,17:11,Tuesday,18,No,Rainy,34.3
Ibn Sina,Pediatrics,10:09,Tuesday,8,No,Clear,18.74
Popular Diagnostic,Emergency,13:15,Wednesday,25,Yes,Rainy,24.04
Dhaka Medical,General,10:05,Sunday,27,No,Clear,44.91
Square Hospital,Emergency,12:53,Thursday,24,Yes,Clear,33.88
Apollo Hospital,Emergency,09:26,Wednesday,8,Yes,Clear,17.34
Apollo Hospital,Cardiology,13:43,Tuesday,18,No,Clear,36.38
Square Hospital,General,11:22,Wednesday,5,No,Clear,14.93
Apollo Hospital,Emergency,11:23,Tuesday,7,Yes,Rainy,12.8
Apollo Hospital,General,12:21,Sunday,24,No,Clear,36.41
Ibn Sina,Cardiology,13:44,Wednesday,5,No,Clear,17.64
Apollo Hospital,Cardiology,15:48,Tuesday,18,No,Rainy,34.49
Popular Diagnostic,General,14:16,Tuesday,2,No,Clear,13.94
Ibn Sina,Cardiology,09:21,Wednesday,13,No,Clear,26.14
Ibn Sina,Pediatrics,14:32,Wednesday,18,No,Clear,27.16
Apollo Hospital,General,10:33,Thursday,18,No,Clear,41.47
Ibn Sina,Cardiology,08:27,Wednesday,6,No,Clear,18.08
Apollo Hospital,General,17:09,Thursday,9,No,Rainy,29.47
Dhaka Medical,Emergency,14:40,Monday,15,Yes,Rainy,25.89
Dhaka Medical,Emergency,09:29,Tuesday,24,Yes,Clear,33.08
Popular Diagnostic,General,10:40,Monday,7,No,Rainy,17.47
Apollo Hospital,Cardiology,08:59,Tuesday,19,No,Rainy,35.93
Square Hospital,Emergency,11:09,Wednesday,3,Yes,Rainy,9.38
Popular Diagnostic,General,15:52,Sunday,6,No,Clear,17.03
Popular Diagnostic,Pediatrics,12:08,Thursday,5,No,Rainy,19.58
Dhaka Medical,Cardiology,13:46,Monday,23,No,Clear,43.36
Ibn Sina,Emergency,14:46,Sunday,3,Yes,Clear,7.74
Popular Diagnostic,General,16:08,Tuesday,14,No,Rainy,32.58
Popular Diagnostic,Emergency,12:31,Tuesday,12,Yes,Clear,17.11
Popular Diagnostic,Pediatrics,10:53,Sunday,9,No,Clear,18.28
Dhaka Medical,Pediatrics,09:10,Tuesday,7,No,Clear,19.19
Apollo Hospital,General,11:14,Wednesday,10,No,Clear,22.45
Popular Diagnostic,Pediatrics,16:19,Sunday,3,No,Clear,12.56
Apollo Hospital,General,08:40,Tuesday,22,No,Clear,39.41
Apollo Hospital,Emergency,10:14,Wednesday,6,Yes,Clear,11.68
Dhaka Medical,General,13:47,Wednesday,25,No,Clear,34.72
Ibn Sina,Emergency,09:05,Wednesday,0,Yes,Clear,3.77
Square Hospital,Pediatrics,12:20,Tuesday,2,No,Rainy,9.09
Apollo Hospital,Emergency,10:55,Tuesday,2,Yes,Clear,7.81
Apollo Hospital,Emergency,10:57,Tuesday,29,Yes,Clear,44.61
Ibn Sina,General,15:27,Tuesday,11,No,Clear,26.51
Popular Diagnostic,General,17:20,Tuesday,6,No,Clear,17.67
Square Hospital,Cardiology,16:46,Thursday,24,No,Clear,49.26
Dhaka Medical,Pediatrics,13:20,Wednesday,30,No,Rainy,57.27
Square Hospital,Pediatrics,11:35,Thursday,3,No,Clear,13.9
Popular Diagnostic,Emergency,08:07,Thursday,28,Yes,Rainy,48.98
Ibn Sina,Emergency,11:10,Tuesday,21,Yes,Rainy,33.46
Apollo Hospital,Cardiology,08:11,Wednesday,28,No,Clear,43.65
Dhaka Medical,General,08:03,Sunday,14,No,Rainy,31.1
Apollo Hospital,Pediatrics,14:42,Wednesday,9,No,Clear,19.72
Apollo Hospital,Pediatrics,09:34,Sunday,5,No,Clear,15.47
Square Hospital,Emergency,15:23,Wednesday,29,Yes,Clear,28.37
Dhaka Medical,Emergency,14:41,Sunday,13,Yes,Clear,17.43
Apollo Hospital,Emergency,16:15,Sunday,24,Yes,Clear,36.81
Dhaka Medical,General,14:35,Monday,24,No,Clear,43.98
Dhaka Medical,Pediatrics,13:54,Monday,27,No,Clear,49.65
Popular Diagnostic,General,10:04,Wednesday,22,No,Rainy,41.1
Ibn Sina,Emergency,08:28,Tuesday,9,Yes,Clear,11.11
Square Hospital,Emergency,17:53,Monday,23,Yes,Rainy,36.18
Dhaka Medical,Cardiology,17:56,Tuesday,17,No,Rainy,34.85
Ibn Sina,Pediatrics,10:41,Monday,9,No,Clear,17.34
Apollo Hospital,Emergency,09:12,Wednesday,1,Yes,Clear,6.03
Dhaka Medical,Emergency,15:31,Sunday,24,Yes,Clear,26.74
Dhaka Medical,Pediatrics,09:30,Monday,11,No,Clear,22.69
Ibn Sina,Emergency,10:08,Wednesday,1,Yes,Clear,6.12
Popular Diagnostic,General,17:15,Monday,28,No,Clear,48.66
Ibn Sina,Pediatrics,14:04,Tuesday,13,No,Rainy,28.06
Popular Diagnostic,General,11:18,Tuesday,9,No,Clear,18.62
Dhaka Medical,Pediatrics,09:57,Monday,0,No,Rainy,7.35
Apollo Hospital,Cardiology,16:20,Thursday,12,No,Clear,32.63
Ibn Sina,Cardiology,12:59,Tuesday,7,No,Clear,20.6
Ibn Sina,Pediatrics,13:20,Wednesday,11,No,Rainy,24.37
Dhaka Medical,Pediatrics,10:19,Thursday,8,No,Clear,17.37
Apollo Hospital,Pediatrics,13:23,Wednesday,7,No,Rainy,18.16
Square Hospital,Cardiology,14:58,Tuesday,7,No,Clear,22.9
Ibn Sina,Pediatrics,08:29,Monday,29,No,Clear,42.34
Ibn Sina,Emergency,08:50,Sunday,8,Yes,Rainy,18.13
Popular Diagnostic,General,09:49,Monday,13,No,Clear,25.82
Dhaka Medical,General,14:16,Monday,1,No,Rainy,12.74
Apollo Hospital,Pediatrics,13:40,Sunday,25,No,Clear,34.02
Popular Diagnostic,General,11:24,Wednesday,2,No,Rainy,12.8
Dhaka Medical,General,12:19,Thursday,21,No,Clear,45.08
Dhaka Medical,General,10:25,Thursday,4,No,Clear,17.0
Apollo Hospital,General,08:55,Sunday,26,No,Clear,43.29
Apollo Hospital,General,08:43,Thursday,30,No,Clear,62.85
Square Hospital,Emergency,13:16,Wednesday,1,Yes,Rainy,6.83
Dhaka Medical,General,11:15,Sunday,30,No,Rainy,52.74
Ibn Sina,General,10:12,Thursday,27,No,Rainy,58.53
Apollo Hospital,Pediatrics,12:35,Tuesday,17,No,Rainy,26.8
Dhaka Medical,Pediatrics,09:27,Monday,29,No,Clear,42.35
Square Hospital,Emergency,08:10,Wednesday,13,Yes,Rainy,17.25
Square Hospital,Pediatrics,11:06,Monday,2,No,Clear,11.93
Dhaka Medical,Cardiology,08:08,Sunday,25,No,Clear,40.94
Square Hospital,Cardiology,10:01,Thursday,18,No,Rainy,43.53
Square Hospital,Emergency,16:34,Thursday,0,Yes,Rainy,3.83
Ibn Sina,Emergency,09:57,Monday,28,Yes,Clear,25.45
Square Hospital,Cardiology,16:36,Thursday,25,No,Clear,45.92
Square Hospital,Cardiology,10:01,Monday,13,No,Clear,30.67
Square Hospital,Cardiology,09:23,Sunday,21,No,Rainy,47.56
Apollo Hospital,Pediatrics,12:19,Sunday,0,No,Clear,8.51
Dhaka Medical,Cardiology,12:07,Tuesday,9,No,Rainy,24.19
Ibn Sina,Cardiology,10:56,Monday,20,No,Rainy,36.52
Square Hospital,Cardiology,17:17,Thursday,13,No,Clear,33.0
Popular Diagnostic,Pediatrics,12:51,Wednesday,23,No,Clear,39.3
Ibn Sina,Cardiology,14:37,Tuesday,29,No,Rainy,47.29
Popular Diagnostic,Emergency,15:18,Wednesday,14,Yes,Clear,27.26
Ibn Sina,Pediatrics,10:27,Thursday,4,No,Rainy,14.83
Apollo Hospital,Pediatrics,13:58,Thursday,27,No,Rainy,62.23
Popular Diagnostic,Pediatrics,09:27,Sunday,12,No,Rainy,27.46
Ibn Sina,Cardiology,15:42,Wednesday,24,No,Clear,36.13
Popular Diagnostic,Emergency,10:06,Monday,9,Yes,Clear,15.49
Ibn Sina,Pediatrics,15:04,Monday,26,No,Rainy,50.11
Square Hospital,Cardiology,13:39,Monday,12,No,Rainy,27.59
Ibn Sina,Emergency,16:45,Monday,4,Yes,Rainy,8.82
Dhaka Medical,Cardiology,10:41,Wednesday,17,No,Clear,29.25
Popular Diagnostic,Pediatrics,17:45,Tuesday,5,No,Clear,14.33
Square Hospital,Pediatrics,17:59,Thursday,4,No,Clear,14.63
Popular Diagnostic,Pediatrics,15:06,Monday,25,No,Clear,37.96
Ibn Sina,Emergency,09:44,Wednesday,24,Yes,Clear,23.83
Popular Diagnostic,General,13:51,Wednesday,5,No,Clear,17.27
Ibn Sina,Pediatrics,08:07,Thursday,15,No,Clear,32.62
Ibn Sina,Emergency,11:54,Thursday,1,Yes,Clear,4.9
Apollo Hospital,Pediatrics,17:23,Wednesday,20,No,Clear,33.09
Popular Diagnostic,Cardiology,16:51,Tuesday,3,No,Clear,17.23
Ibn Sina,Emergency,17:26,Tuesday,0,Yes,Clear,3.99
Square Hospital,Pediatrics,17:08,Wednesday,23,No,Clear,42.42
Ibn Sina,Cardiology,16:48,Tuesday,10,No,Clear,20.86
Ibn Sina,General,11:37,Monday,2,No,Rainy,13.48
Apollo Hospital,Cardiology,09:39,Sunday,17,No,Clear,29.01
Ibn Sina,General,11:22,Monday,27,No,Clear,40.98
Dhaka Medical,General,13:21,Wednesday,24,No,Clear,35.1
Ibn Sina,General,11:13,Sunday,10,No,Rainy,20.62
Dhaka Medical,Pediatrics,10:35,Thursday,13,No,Rainy,33.35
Apollo Hospital,Pediatrics,17:42,Tuesday,21,No,Clear,33.82
Dhaka Medical,Cardiology,09:16,Wednesday,24,No,Clear,38.67
Dhaka Medical,Emergency,12:05,Thursday,29,Yes,Clear,63.16
Apollo Hospital,Emergency,16:43,Wednesday,15,Yes,Clear,24.96
Square Hospital,General,17:43,Wednesday,4,No,Clear,16.13
Apollo Hospital,General,08:38,Wednesday,24,No,Rainy,45.8
Ibn Sina,General,11:33,Wednesday,12,No,Rainy,26.5
Popular Diagnostic,Emergency,09:05,Wednesday,4,Yes,Rainy,13.71
Ibn Sina,Pediatrics,17:13,Tuesday,22,No,Clear,31.55
Apollo Hospital,General,12:49,Thursday,17,No,Clear,40.95
Apollo Hospital,Pediatrics,14:29,Wednesday,12,No,Rainy,25.84
Ibn Sina,Emergency,17:12,Thursday,11,Yes,Clear,17.83
Square Hospital,Emergency,17:04,Tuesday,19,Yes,Clear,21.09
Dhaka Medical,Cardiology,10:01,Sunday,25,No,Clear,43.82
Popular Diagnostic,General,12:44,Monday,26,No,Clear,45.25
Apollo Hospital,General,15:14,Monday,15,No,Clear,31.34
Popular Diagnostic,Pediatrics,11:53,Wednesday,27,No,Clear,45.39
Dhaka Medical,Emergency,12:43,Wednesday,11,Yes,Rainy,18.67
Apollo Hospital,Emergency,14:47,Sunday,21,Yes,Clear,27.4
Dhaka Medical,Pediatrics,08:13,Wednesday,30,No,Rainy,59.09
Popular Diagnostic,Pediatrics,11:12,Wednesday,1,No,Rainy,11.24
Square Hospital,General,10:19,Monday,27,No,Clear,38.52
Ibn Sina,General,15:47,Tuesday,4,No,Clear,16.83
Dhaka Medical,Cardiology,08:04,Sunday,28,No,Clear,52.49
Apollo Hospital,Cardiology,11:30,Thursday,16,No,Rainy,40.82
Square Hospital,General,17:28,Tuesday,18,No,Clear,29.73
Square Hospital,Emergency,11:37,Wednesday,24,Yes,Clear,29.73
Apollo Hospital,General,11:23,Sunday,4,No,Rainy,13.66
Popular Diagnostic,Emergency,14:56,Wednesday,0,Yes,Clear,6.87
Dhaka Medical,General,15:17,Thursday,0,No,Clear,10.07
Apollo Hospital,Cardiology,15:37,Thursday,26,No,Clear,44.33
Popular Diagnostic,Emergency,09:06,Tuesday,6,Yes,Rainy,14.87
Dhaka Medical,General,10:46,Thursday,7,No,Rainy,19.87
Apollo Hospital,Emergency,09:21,Tuesday,25,Yes,Rainy,44.86
Ibn Sina,Pediatrics,15:04,Monday,24,No,Clear,42.31
Apollo Hospital,Emergency,13:24,Tuesday,6,Yes,Clear,12.75
Dhaka Medical,Emergency,16:59,Sunday,9,Yes,Rainy,17.6
Square Hospital,Pediatrics,15:31,Tuesday,4,No,Clear,15.62
Dhaka Medical,General,16:23,Tuesday,19,No,Rainy,40.0
Square Hospital,General,17:46,Sunday,5,No,Rainy,18.98
Square Hospital,Pediatrics,16:51,Sunday,16,No,Clear,32.42
Apollo Hospital,Pediatrics,10:25,Monday,20,No,Rainy,43.46
Dhaka Medical,Emergency,12:45,Sunday,2,Yes,Clear,6.22
Apollo Hospital,Cardiology,17:50,Tuesday,6,No,Rainy,21.26
Apollo Hospital,General,13:52,Wednesday,11,No,Clear,20.83
Popular Diagnostic,General,15:14,Monday,6,No,Clear,16.51
Popular Diagnostic,General,08:43,Thursday,16,No,Clear,37.56
Square Hospital,General,17:10,Sunday,6,No,Clear,15.06
Apollo Hospital,Cardiology,17:57,Sunday,18,No,Clear,30.84
Popular Diagnostic,General,08:35,Wednesday,7,No,Rainy,18.83
Apollo Hospital,General,17:22,Tuesday,0,No,Clear,9.49
Popular Diagnostic,Cardiology,09:35,Monday,8,No,Clear,25.37
Ibn Sina,Emergency,12:56,Wednesday,15,Yes,Rainy,19.54
Popular Diagnostic,Cardiology,09:16,Monday,20,No,Rainy,45.22
Popular Diagnostic,Pediatrics,11:43,Wednesday,9,No,Clear,20.42
Dhaka Medical,General,16:09,Wednesday,25,No,Rainy,52.34
Ibn Sina,Pediatrics,16:53,Sunday,2,No,Rainy,10.47
Square Hospital,Emergency,10:50,Thursday,26,Yes,Clear,28.15
Apollo Hospital,General,15:05,Wednesday,3,No,Clear,15.91
Apollo Hospital,Pediatrics,09:02,Tuesday,10,No,Rainy,20.19
Popular Diagnostic,Emergency,11:08,Sunday,8,Yes,Clear,17.33
Ibn Sina,Emergency,16:23,Tuesday,10,Yes,Clear,21.12
Ibn Sina,Pediatrics,09:14,Thursday,21,No,Rainy,43.77
Square Hospital,Cardiology,17:52,Thursday,24,No,Clear,44.07
Popular Diagnostic,General,15:20,Thursday,16,No,Clear,37.48
Ibn Sina,Cardiology,15:57,Monday,11,No,Clear,26.1
Square Hospital,Emergency,11:52,Thursday,13,Yes,Rainy,28.65
Popular Diagnostic,General,09:58,Sunday,22,No,Clear,35.08
Dhaka Medical,Pediatrics,12:37,Wednesday,9,No,Clear,21.1
Square Hospital,Pediatrics,17:35,Wednesday,3,No,Clear,10.56
Popular Diagnostic,Pediatrics,08:40,Thursday,30,No,Clear,50.27
Apollo Hospital,General,11:42,Monday,11,No,Clear,27.41
Ibn Sina,General,14:03,Monday,28,No,Clear,44.27
Dhaka Medical,Cardiology,17:06,Sunday,2,No,Clear,14.82
Square Hospital,Cardiology,12:00,Sunday,5,No,Clear,18.09
Popular Diagnostic,General,11:04,Sunday,8,No,Clear,21.55
Dhaka Medical,Pediatrics,17:16,Sunday,6,No,Clear,15.99
Popular Diagnostic,General,14:29,Monday,18,No,Clear,34.12
Dhaka Medical,Emergency,13:46,Tuesday,20,Yes,Clear,25.08
Ibn Sina,Emergency,11:57,Wednesday,18,Yes,Clear,24.97
Ibn Sina,General,12:37,Sunday,30,No,Clear,40.48
Popular Diagnostic,General,08:17,Thursday,17,No,Rainy,34.04
Dhaka Medical,General,09:41,Monday,26,No,Rainy,39.62
Popular Diagnostic,General,09:38,Thursday,23,No,Clear,41.05
Square Hospital,Emergency,15:41,Monday,2,Yes,Clear,6.18
Dhaka Medical,Emergency,17:01,Sunday,14,Yes,Clear,28.98
Ibn Sina,Cardiology,13:18,Wednesday,8,No,Rainy,24.9
Square Hospital,Pediatrics,08:52,Tuesday,8,No,Clear,15.03
Apollo Hospital,Emergency,10:33,Wednesday,14,Yes,Clear,25.2
Square Hospital,Pediatrics,15:09,Wednesday,2,No,Clear,11.87
Dhaka Medical,Pediatrics,13:23,Tuesday,26,No,Clear,33.39
Dhaka Medical,General,12:37,Thursday,30,No,Clear,63.82
Square Hospital,Emergency,15:02,Tuesday,14,Yes,Clear,14.82
Dhaka Medical,Pediatrics,16:26,Monday,2,No,Clear,11.1
Popular Diagnostic,Emergency,17:52,Tuesday,24,Yes,Clear,45.54
Popular Diagnostic,General,15:26,Tuesday,3,No,Clear,15.01
Square Hospital,Emergency,14:44,Monday,14,Yes,Rainy,15.83
Dhaka Medical,Cardiology,08:42,Thursday,6,No,Rainy,23.65
Popular Diagnostic,Pediatrics,13:46,Wednesday,14,No,Rainy,32.23
Ibn Sina,General,14:41,Monday,30,No,Clear,49.02
Apollo Hospital,Emergency,17:14,Sunday,7,Yes,Rainy,10.48
Dhaka Medical,General,16:24,Thursday,18,No,Clear,36.86
Dhaka Medical,General,13:43,Monday,10,No,Rainy,23.62
Dhaka Medical,General,11:25,Sunday,7,No,Clear,18.86
Dhaka Medical,Cardiology,12:31,Sunday,6,No,Rainy,17.71
Square Hospital,Emergency,10:07,Monday,27,Yes,Clear,28.49
Popular Diagnostic,Pediatrics,08:33,Wednesday,0,No,Clear,8.8
Popular Diagnostic,Emergency,14:08,Monday,1,Yes,Clear,4.52
Apollo Hospital,Emergency,10:06,Tuesday,16,Yes,Clear,23.28
Dhaka Medical,Cardiology,13:53,Sunday,14,No,Rainy,32.51
Dhaka Medical,Cardiology,09:58,Monday,7,No,Rainy,21.04
Popular Diagnostic,Cardiology,14:00,Sunday,28,No,Clear,48.07
Apollo Hospital,Pediatrics,15:37,Thursday,23,No,Rainy,54.99
Ibn Sina,General,13:50,Tuesday,10,No,Rainy,23.83
Square Hospital,Emergency,14:01,Sunday,27,Yes,Clear,40.27
Square Hospital,Emergency,09:46,Wednesday,11,Yes,Rainy,18.79
Apollo Hospital,General,15:21,Sunday,18,No,Clear,29.49
Apollo Hospital,Emergency,09:53,Tuesday,13,Yes,Clear,26.21
Ibn Sina,Cardiology,15:40,Wednesday,27,No,Clear,50.31
Ibn Sina,Emergency,12:44,Wednesday,5,Yes,Rainy,15.22
Popular Diagnostic,Pediatrics,11:01,Tuesday,26,No,Clear,42.73
Dhaka Medical,Cardiology,12:26,Wednesday,16,No,Rainy,41.24
Ibn Sina,Cardiology,13:31,Tuesday,7,No,Clear,19.04
Apollo Hospital,Cardiology,09:49,Sunday,14,No,Rainy,36.95
Square Hospital,Emergency,09:38,Tuesday,11,Yes,Clear,19.38
Popular Diagnostic,Emergency,08:42,Wednesday,4,Yes,Rainy,12.37
Popular Diagnostic,Pediatrics,11:08,Tuesday,21,No,Clear,31.76
Apollo Hospital,Emergency,14:01,Tuesday,22,Yes,Clear,27.36
Popular Diagnostic,General,11:45,Tuesday,12,No,Clear,25.45
Popular Diagnostic,Emergency,17:57,Tuesday,9,Yes,Rainy,17.05
Apollo Hospital,Cardiology,15:41,Wednesday,0,No,Clear,11.07
Square Hospital,General,17:59,Thursday,6,No,Clear,17.77
Square Hospital,Pediatrics,08:52,Wednesday,27,No,Clear,39.19
Popular Diagnostic,Cardiology,09:19,Tuesday,16,No,Rainy,35.27
Square Hospital,Pediatrics,12:04,Tuesday,17,No,Clear,25.06
Square Hospital,Cardiology,16:12,Wednesday,21,No,Clear,36.26
Square Hospital,Cardiology,11:20,Wednesday,12,No,Clear,26.44
Popular Diagnostic,Cardiology,16:41,Wednesday,21,No,Rainy,40.69
Apollo Hospital,Pediatrics,15:10,Monday,21,No,Clear,28.51
Ibn Sina,General,17:10,Thursday,1,No,Clear,9.75
Popular Diagnostic,General,09:24,Tuesday,9,No,Rainy,24.67
Apollo Hospital,Emergency,11:01,Thursday,24,Yes,Clear,44.48
Ibn Sina,General,09:29,Monday,12,No,Rainy,24.58
Square Hospital,General,10:52,Monday,8,No,Rainy,19.51
Ibn Sina,Cardiology,16:35,Wednesday,28,No,Clear,48.02
Popular Diagnostic,Cardiology,16:55,Thursday,26,No,Clear,53.36
Square Hospital,General,09:33,Tuesday,25,No,Clear,42.84
Popular Diagnostic,Emergency,17:07,Monday,19,Yes,Rainy,23.85
Square Hospital,Emergency,16:17,Thursday,7,Yes,Clear,13.01
Apollo Hospital,Emergency,14:33,Wednesday,30,Yes,Rainy,50.48
Ibn Sina,Cardiology,13:22,Sunday,0,No,Rainy,10.85
Apollo Hospital,Pediatrics,08:50,Sunday,9,No,Rainy,21.34
Dhaka Medical,Emergency,12:56,Sunday,25,Yes,Clear,35.98
Square Hospital,General,10:31,Monday,26,No,Clear,38.7
Popular Diagnostic,General,14:26,Wednesday,30,No,Clear,52.82
Square Hospital,Pediatrics,16:55,Thursday,6,No,Rainy,18.1
Dhaka Medical,General,14:13,Monday,4,No,Clear,14.18
Apollo Hospital,Emergency,15:56,Thursday,3,Yes,Clear,7.75
Apollo Hospital,Emergency,09:21,Tuesday,22,Yes,Clear,32.0
Square Hospital,Cardiology,16:08,Sunday,29,No,Clear,53.69
Apollo Hospital,Cardiology,10:52,Sunday,25,No,Rainy,41.44
Square Hospital,Cardiology,08:14,Sunday,28,No,Clear,52.2
Ibn Sina,Cardiology,17:20,Monday,25,No,Clear,45.8
Square Hospital,General,15:21,Tuesday,18,No,Rainy,38.54
Apollo Hospital,Pediatrics,11:32,Wednesday,12,No,Rainy,24.66
Apollo Hospital,Emergency,13:20,Thursday,20,Yes,Clear,25.11
Popular Diagnostic,Cardiology,12:01,Tuesday,0,No,Clear,11.32
Ibn Sina,Cardiology,10:20,Monday,16,No,Clear,34.38
Ibn Sina,Emergency,12:00,Monday,18,Yes,Rainy,33.02
Dhaka Medical,Pediatrics,14:22,Tuesday,15,No,Rainy,32.43
Square Hospital,General,13:06,Tuesday,21,No,Clear,38.03
Square Hospital,General,08:48,Monday,13,No,Clear,29.44
Dhaka Medical,Cardiology,12:58,Sunday,9,No,Clear,20.8
Square Hospital,General,16:02,Thursday,22,No,Rainy,45.02
Ibn Sina,Emergency,10:28,Monday,17,Yes,Clear,21.6
Popular Diagnostic,Emergency,11:35,Wednesday,5,Yes,Clear,11.85
Ibn Sina,Emergency,14:09,Wednesday,3,Yes,Clear,9.76
Apollo Hospital,Cardiology,10:21,Wednesday,12,No,Clear,26.68
Ibn Sina,Emergency,15:07,Tuesday,4,Yes,Clear,10.81
Popular Diagnostic,General,13:48,Thursday,25,No,Clear,49.9
Dhaka Medical,General,13:22,Tuesday,27,No,Clear,50.58
Square Hospital,Cardiology,09:34,Thursday,5,No,Clear,20.29
Ibn Sina,General,11:16,Monday,6,No,Clear,16.89
Square Hospital,Cardiology,08:42,Wednesday,29,No,Rainy,45.94
Apollo Hospital,General,15:25,Wednesday,7,No,Clear,20.45
Apollo Hospital,Pediatrics,14:47,Monday,4,No,Clear,14.05
Ibn Sina,General,13:57,Thursday,27,No,Clear,46.7
Ibn Sina,Cardiology,11:10,Monday,27,No,Clear,50.19
Dhaka Medical,Pediatrics,08:23,Tuesday,7,No,Rainy,19.82
Apollo Hospital,Emergency,16:08,Wednesday,20,Yes,Clear,28.07
Apollo Hospital,Cardiology,15:42,Wednesday,16,No,Clear,29.1
Popular Diagnostic,Cardiology,13:29,Tuesday,18,No,Clear,32.57
Popular Diagnostic,Emergency,15:37,Monday,26,Yes,Clear,41.59
Ibn Sina,Pediatrics,12:24,Thursday,19,No,Clear,38.83
Ibn Sina,Emergency,17:17,Wednesday,30,Yes,Clear,40.49
Ibn Sina,Emergency,08:15,Tuesday,20,Yes,Clear,28.02
Apollo Hospital,Cardiology,10:39,Wednesday,1,No,Rainy,13.81
Popular Diagnostic,Cardiology,10:38,Wednesday,27,No,Clear,39.47
Ibn Sina,Emergency,09:21,Sunday,30,Yes,Clear,49.75
Dhaka Medical,Emergency,15:34,Tuesday,23,Yes,Clear,36.47
Popular Diagnostic,General,08:40,Tuesday,19,No,Clear,35.28
Ibn Sina,Emergency,14:34,Thursday,26,Yes,Clear,47.12
Apollo Hospital,General,09:37,Thursday,0,No,Rainy,10.65
Apollo Hospital,General,15:20,Wednesday,11,No,Clear,24.65
Popular Diagnostic,Pediatrics,15:10,Sunday,2,No,Clear,11.56
Ibn Sina,Emergency,09:01,Tuesday,7,Yes,Clear,11.76
Apollo Hospital,Cardiology,16:08,Wednesday,10,No,Clear,22.67
Dhaka Medical,Emergency,13:22,Monday,24,Yes,Clear,40.06
Apollo Hospital,Emergency,14:33,Tuesday,8,Yes,Rainy,13.41
Square Hospital,Cardiology,09:30,Wednesday,11,No,Clear,25.18
Ibn Sina,Emergency,14:37,Monday,13,Yes,Clear,23.72
Dhaka Medical,Emergency,10:15,Thursday,30,Yes,Rainy,52.77
Apollo Hospital,Pediatrics,15:34,Monday,2,No,Clear,10.86
Dhaka Medical,Emergency,17:48,Tuesday,21,Yes,Rainy,34.85
Ibn Sina,General,10:15,Thursday,21,No,Clear,36.57
Apollo Hospital,General,10:30,Sunday,22,No,Clear,40.74
Popular Diagnostic,General,17:17,Thursday,15,No,Rainy,34.51
Apollo Hospital,General,12:50,Wednesday,22,No,Rainy,45.99
Popular Diagnostic,Emergency,15:46,Tuesday,28,Yes,Clear,30.04
Dhaka Medical,Pediatrics,11:00,Sunday,26,No,Clear,39.83
Popular Diagnostic,Cardiology,08:02,Monday,28,No,Rainy,45.86
Apollo Hospital,Emergency,09:08,Thursday,24,Yes,Clear,33.37
Popular Diagnostic,General,11:05,Tuesday,25,No,Clear,45.1
Ibn Sina,Cardiology,09:29,Thursday,7,No,Clear,22.75
Popular Diagnostic,Emergency,10:12,Wednesday,2,Yes,Clear,7.59
Square Hospital,Pediatrics,16:37,Thursday,15,No,Clear,28.04
Square Hospital,Cardiology,14:38,Sunday,24,No,Rainy,46.57
Dhaka Medical,General,12:56,Thursday,9,No,Clear,27.64
Square Hospital,Pediatrics,09:53,Thursday,6,No,Rainy,18.16
Apollo Hospital,Pediatrics,09:47,Sunday,29,No,Clear,41.68
Square Hospital,Pediatrics,09:14,Sunday,7,No,Clear,17.7
Square Hospital,Pediatrics,11:17,Tuesday,16,No,Clear,25.52
Popular Diagnostic,General,11:18,Thursday,17,No,Clear,35.82
Popular Diagnostic,Cardiology,17:32,Monday,0,No,Clear,11.5
Ibn Sina,Emergency,14:44,Thursday,24,Yes,Rainy,51.63
Ibn Sina,Cardiology,12:01,Wednesday,17,No,Rainy,30.8
Apollo Hospital,Emergency,13:21,Tuesday,18,Yes,Clear,23.95
Popular Diagnostic,General,09:09,Monday,12,No,Clear,24.29
Popular Diagnostic,Cardiology,08:54,Thursday,25,No,Clear,43.94
Dhaka Medical,General,16:50,Wednesday,13,No,Clear,25.4
Dhaka Medical,Emergency,15:05,Thursday,19,Yes,Clear,27.7
Apollo Hospital,General,08:02,Sunday,18,No,Rainy,37.79
Square Hospital,Pediatrics,11:21,Thursday,26,No,Rainy,47.99
Square Hospital,Pediatrics,11:50,Monday,30,No,Clear,52.74
Ibn Sina,General,16:26,Monday,9,No,Clear,21.1
Dhaka Medical,Pediatrics,15:52,Wednesday,28,No,Rainy,53.96
Ibn Sina,Cardiology,11:53,Monday,19,No,Clear,36.97
Apollo Hospital,Cardiology,09:10,Wednesday,5,No,Rainy,21.18
Square Hospital,Pediatrics,16:22,Wednesday,11,No,Clear,23.94
Apollo Hospital,Cardiology,12:55,Thursday,14,No,Clear,35.97
Dhaka Medical,Emergency,11:06,Monday,9,Yes,Clear,13.72
Popular Diagnostic,Cardiology,09:41,Sunday,28,No,Rainy,53.99
Ibn Sina,Cardiology,12:53,Monday,26,No,Rainy,47.33
Ibn Sina,Pediatrics,15:02,Monday,10,No,Clear,22.23
Popular Diagnostic,General,15:46,Thursday,24,No,Rainy,53.03
Apollo Hospital,Emergency,12:24,Monday,0,Yes,Rainy,5.73
Dhaka Medical,Pediatrics,10:36,Monday,7,No,Rainy,16.4
Apollo Hospital,Cardiology,16:35,Sunday,9,No,Clear,24.83
Apollo Hospital,Pediatrics,09:07,Monday,13,No,Clear,25.12
Apollo Hospital,Emergency,10:41,Thursday,20,Yes,Rainy,36.38
Square Hospital,General,13:48,Sunday,19,No,Clear,34.92
Square Hospital,Pediatrics,13:17,Thursday,23,No,Clear,38.06
Apollo Hospital,Emergency,16:26,Monday,28,Yes,Rainy,40.65
Ibn Sina,Emergency,16:46,Sunday,22,Yes,Clear,31.88
Dhaka Medical,Emergency,12:29,Monday,15,Yes,Rainy,27.5
Apollo Hospital,Pediatrics,12:18,Thursday,8,No,Clear,18.78
Dhaka Medical,General,10:27,Sunday,13,No,Clear,26.69
Popular Diagnostic,Cardiology,14:06,Sunday,4,No,Rainy,16.74
Dhaka Medical,Emergency,13:25,Tuesday,28,Yes,Clear,24.17
Ibn Sina,Pediatrics,15:12,Sunday,28,No,Clear,47.07
Square Hospital,Cardiology,16:55,Monday,8,No,Rainy,24.16
Apollo Hospital,General,09:08,Sunday,19,No,Clear,30.29
Apollo Hospital,Emergency,10:58,Sunday,3,Yes,Clear,9.94
Ibn Sina,General,16:09,Wednesday,5,No,Clear,15.07
Square Hospital,General,15:42,Monday,16,No,Rainy,31.38
Popular Diagnostic,Pediatrics,16:39,Thursday,14,No,Rainy,32.86
Ibn Sina,General,17:22,Thursday,10,No,Clear,26.01
Ibn Sina,Pediatrics,09:25,Sunday,27,No,Clear,42.21
Square Hospital,Pediatrics,14:49,Wednesday,17,No,Clear,30.63
Apollo Hospital,General,13:38,Sunday,3,No,Clear,11.11
Dhaka Medical,Pediatrics,11:08,Tuesday,17,No,Clear,30.33
Dhaka Medical,General,11:07,Tuesday,11,No,Rainy,26.19
Popular Diagnostic,Pediatrics,14:02,Sunday,24,No,Clear,41.07
Dhaka Medical,Pediatrics,11:09,Sunday,12,No,Clear,25.23
Dhaka Medical,Emergency,17:32,Wednesday,3,Yes,Rainy,9.56
Dhaka Medical,Cardiology,11:06,Sunday,14,No,Clear,31.87
Dhaka Medical,Emergency,10:17,Tuesday,16,Yes,Clear,20.79
Square Hospital,Cardiology,17:27,Tuesday,12,No,Clear,27.32
Dhaka Medical,Emergency,08:27,Wednesday,24,Yes,Clear,21.25
Popular Diagnostic,Cardiology,16:49,Sunday,28,No,Rainy,45.36
Apollo Hospital,Cardiology,17:59,Wednesday,16,No,Clear,27.41
Popular Diagnostic,Pediatrics,11:19,Thursday,24,No,Rainy,57.66
Apollo Hospital,General,16:17,Thursday,25,No,Rainy,44.64
Dhaka Medical,Cardiology,11:41,Thursday,15,No,Rainy,33.93
Square Hospital,Emergency,10:01,Monday,22,Yes,Rainy,37.15
Popular Diagnostic,General,14:31,Sunday,7,No,Clear,18.6
Dhaka Medical,Pediatrics,17:55,Tuesday,16,No,Rainy,29.93
Ibn Sina,Emergency,15:27,Wednesday,15,Yes,Clear,24.09
Popular Diagnostic,Cardiology,08:47,Sunday,24,No,Rainy,50.63
Ibn Sina,Pediatrics,17:54,Sunday,30,No,Clear,43.08
Ibn Sina,Emergency,17:00,Thursday,9,Yes,Rainy,22.54
Ibn Sina,Pediatrics,10:44,Sunday,24,No,Clear,40.52
Ibn Sina,Cardiology,14:17,Thursday,23,No,Clear,45.14
Square Hospital,Emergency,09:07,Thursday,9,Yes,Clear,14.17
Popular Diagnostic,General,08:58,Thursday,14,No,Clear,28.37
Dhaka Medical,General,12:02,Tuesday,20,No,Clear,30.53
Square Hospital,Cardiology,11:33,Wednesday,28,No,Clear,40.36
Dhaka Medical,Pediatrics,13:34,Monday,30,No,Rainy,54.84
Square Hospital,Cardiology,11:15,Thursday,18,No,Clear,40.29
Apollo Hospital,General,11:12,Wednesday,18,No,Clear,36.41
Apollo Hospital,Cardiology,10:39,Tuesday,15,No,Rainy,31.98
Apollo Hospital,General,08:30,Tuesday,25,No,Rainy,41.6
Ibn Sina,Pediatrics,08:11,Monday,6,No,Clear,17.34
Popular Diagnostic,Emergency,14:46,Wednesday,12,Yes,Clear,16.61
Apollo Hospital,General,11:18,Wednesday,5,No,Rainy,17.45
Apollo Hospital,Cardiology,16:30,Monday,5,No,Rainy,21.07
Popular Diagnostic,Emergency,11:09,Wednesday,21,Yes,Clear,30.86
Square Hospital,Cardiology,13:25,Tuesday,15,No,Clear,35.65
Dhaka Medical,Cardiology,08:09,Sunday,20,No,Clear,41.37
Square Hospital,Emergency,17:02,Sunday,0,Yes,Clear,4.9
Ibn Sina,Emergency,15:10,Tuesday,1,Yes,Clear,5.42
Ibn Sina,General,10:47,Wednesday,4,No,Clear,15.08
Popular Diagnostic,Pediatrics,13:13,Sunday,19,No,Clear,27.78
Dhaka Medical,Pediatrics,10:42,Thursday,9,No,Clear,22.81
Apollo Hospital,General,14:42,Wednesday,30,No,Clear,52.9
Popular Diagnostic,Emergency,09:08,Tuesday,24,Yes,Clear,30.32
Square Hospital,Pediatrics,10:04,Wednesday,3,No,Clear,11.9
Ibn Sina,General,17:55,Monday,13,No,Clear,28.91
Ibn Sina,Emergency,17:29,Monday,24,Yes,Rainy,38.12
Dhaka Medical,Emergency,13:53,Sunday,18,Yes,Clear,18.96
Ibn Sina,Cardiology,10:57,Monday,22,No,Rainy,48.9
Dhaka Medical,General,08:35,Monday,22,No,Clear,43.28
Dhaka Medical,Cardiology,14:42,Thursday,24,No,Clear,53.49
Ibn Sina,Cardiology,13:29,Sunday,18,No,Clear,30.42
Popular Diagnostic,Cardiology,13:19,Wednesday,29,No,Clear,45.5
Popular Diagnostic,Pediatrics,13:45,Monday,6,No,Clear,17.31
Popular Diagnostic,Pediatrics,10:15,Sunday,0,No,Clear,7.49
Dhaka Medical,General,08:53,Thursday,18,No,Rainy,37.56
Apollo Hospital,Cardiology,15:42,Sunday,28,No,Rainy,59.01
Popular Diagnostic,General,17:26,Thursday,10,No,Clear,26.96
Popular Diagnostic,Pediatrics,09:05,Thursday,20,No,Clear,41.9
Apollo Hospital,Cardiology,17:43,Wednesday,9,No,Clear,22.33
Dhaka Medical,General,15:34,Sunday,1,No,Clear,12.16
Ibn Sina,Emergency,08:44,Wednesday,21,Yes,Clear,34.71
Apollo Hospital,Emergency,17:12,Wednesday,3,Yes,Clear,10.72
Dhaka Medical,General,15:46,Wednesday,28,No,Clear,41.54
Apollo Hospital,Emergency,14:32,Thursday,16,Yes,Clear,28.76
Popular Diagnostic,Cardiology,15:08,Sunday,19,No,Clear,41.67
Popular Diagnostic,Cardiology,13:59,Tuesday,29,No,Clear,52.71
Apollo Hospital,Emergency,08:28,Tuesday,20,Yes,Clear,34.42
Dhaka Medical,Emergency,13:09,Wednesday,16,Yes,Clear,26.97
Ibn Sina,Emergency,15:40,Thursday,0,Yes,Rainy,4.53
Square Hospital,Emergency,12:08,Sunday,3,Yes,Clear,9.87
Square Hospital,Pediatrics,12:33,Tuesday,4,No,Rainy,12.9
Popular Diagnostic,Pediatrics,08:04,Sunday,6,No,Clear,15.16
Popular Diagnostic,Emergency,12:05,Monday,22,Yes,Clear,25.38
Square Hospital,General,09:04,Monday,13,No,Clear,29.45
Apollo Hospital,Emergency,16:15,Tuesday,29,Yes,Clear,39.8
Popular Diagnostic,Emergency,12:09,Wednesday,3,Yes,Clear,8.6
Popular Diagnostic,General,14:43,Thursday,13,No,Clear,32.53
Apollo Hospital,Emergency,15:59,Wednesday,29,Yes,Rainy,54.38
Dhaka Medical,Emergency,08:20,Sunday,15,Yes,Clear,27.44
Popular Diagnostic,Pediatrics,17:15,Wednesday,3,No,Clear,13.04
Dhaka Medical,Emergency,16:58,Tuesday,2,Yes,Rainy,7.87
Square Hospital,Emergency,11:21,Monday,29,Yes,Clear,48.18
Dhaka Medical,General,15:52,Tuesday,3,No,Rainy,15.44
Square Hospital,Cardiology,16:30,Thursday,28,No,Rainy,64.04
Square Hospital,Cardiology,10:37,Sunday,7,No,Clear,20.55
Square Hospital,Pediatrics,17:21,Sunday,5,No,Rainy,17.87
Dhaka Medical,Pediatrics,09:01,Monday,12,No,Clear,21.01
Popular Diagnostic,Cardiology,14:56,Wednesday,25,No,Clear,44.37
Square Hospital,Emergency,12:22,Thursday,8,Yes,Rainy,16.41
Popular Diagnostic,General,17:28,Tuesday,25,No,Clear,44.17
Apollo Hospital,Cardiology,15:44,Thursday,1,No,Rainy,13.68
Square Hospital,Emergency,17:39,Sunday,30,Yes,Clear,47.55
Dhaka Medical,Emergency,17:12,Tuesday,19,Yes,Clear,20.95
Dhaka Medical,Pediatrics,09:37,Wednesday,1,No,Rainy,8.55
Square Hospital,Pediatrics,15:40,Sunday,15,No,Rainy,31.02
Square Hospital,Emergency,08:02,Tuesday,22,Yes,Clear,29.26
Square Hospital,General,15:33,Monday,4,No,Clear,16.7
Dhaka Medical,Emergency,09:11,Monday,8,Yes,Rainy,12.64
Dhaka Medical,Pediatrics,13:50,Tuesday,1,No,Clear,7.58
Ibn Sina,Cardiology,14:21,Sunday,21,No,Rainy,46.97
Square Hospital,Pediatrics,10:29,Monday,14,No,Clear,25.51
Ibn Sina,Pediatrics,13:40,Tuesday,10,No,Rainy,20.68
Dhaka Medical,General,10:48,Wednesday,14,No,Rainy,30.51
Popular Diagnostic,Pediatrics,08:04,Wednesday,9,No,Rainy,22.85
Popular Diagnostic,General,10:10,Wednesday,15,No,Clear,32.92
Ibn Sina,Pediatrics,16:46,Sunday,0,No,Clear,8.25
Dhaka Medical,Cardiology,10:36,Tuesday,10,No,Clear,23.85
Dhaka Medical,Emergency,14:05,Thursday,0,Yes,Clear,4.47
Square Hospital,Emergency,17:22,Monday,21,Yes,Rainy,32.32
Popular Diagnostic,Cardiology,11:59,Tuesday,7,No,Clear,23.06
Square Hospital,General,14:23,Tuesday,17,No,Clear,32.47
Square Hospital,Pediatrics,16:05,Thursday,0,No,Clear,9.53
Popular Diagnostic,Cardiology,08:01,Tuesday,19,No,Clear,34.54
Apollo Hospital,Emergency,08:38,Monday,17,Yes,Clear,23.04
Popular Diagnostic,Pediatrics,14:08,Tuesday,22,No,Clear,30.59
Popular Diagnostic,General,10:11,Thursday,28,No,Rainy,66.06
Ibn Sina,Pediatrics,09:57,Thursday,3,No,Clear,13.55
Square Hospital,Emergency,11:02,Sunday,11,Yes,Clear,17.08
Dhaka Medical,General,14:52,Monday,6,No,Clear,18.01
Ibn Sina,General,10:52,Tuesday,13,No,Clear,25.43
Popular Diagnostic,General,09:19,Thursday,18,No,Clear,39.79
Apollo Hospital,Emergency,09:22,Tuesday,9,Yes,Clear,15.91
Ibn Sina,General,09:28,Monday,9,No,Clear,18.56
Ibn Sina,Emergency,09:03,Tuesday,27,Yes,Clear,34.71
Apollo Hospital,Pediatrics,08:42,Wednesday,8,No,Rainy,17.94
Apollo Hospital,Cardiology,15:56,Tuesday,15,No,Rainy,35.75
Apollo Hospital,Pediatrics,13:01,Thursday,23,No,Clear,41.44
Apollo Hospital,Emergency,14:16,Thursday,4,Yes,Clear,11.47
Apollo Hospital,Pediatrics,13:07,Sunday,3,No,Rainy,12.53
Apollo Hospital,General,14:20,Monday,10,No,Rainy,23.7
Popular Diagnostic,Cardiology,15:24,Sunday,16,No,Clear,34.24
Popular Diagnostic,General,13:46,Sunday,24,No,Clear,39.21
Ibn Sina,Cardiology,12:42,Sunday,25,No,Clear,39.87
Apollo Hospital,Pediatrics,08:15,Monday,27,No,Clear,34.26
Apollo Hospital,General,14:57,Thursday,15,No,Clear,34.71
Dhaka Medical,Emergency,10:39,Wednesday,1,Yes,Clear,7.14
Popular Diagnostic,Cardiology,11:33,Wednesday,12,No,Clear,26.43
Popular Diagnostic,Emergency,15:12,Monday,4,Yes,Clear,9.85
Ibn Sina,Pediatrics,09:24,Sunday,14,No,Clear,25.94
Ibn Sina,Pediatrics,09:08,Wednesday,11,No,Rainy,22.54
Popular Diagnostic,Emergency,10:18,Thursday,11,Yes,Rainy,21.54
Popular Diagnostic,Cardiology,08:30,Sunday,26,No,Clear,49.74
Square Hospital,General,15:53,Tuesday,27,No,Clear,49.98
Square Hospital,Pediatrics,15:30,Thursday,0,No,Rainy,8.1
Apollo Hospital,Emergency,15:03,Monday,20,Yes,Clear,26.38
Square Hospital,Emergency,11:35,Wednesday,22,Yes,Clear,24.25
Dhaka Medical,Emergency,13:02,Thursday,12,Yes,Clear,15.68
Apollo Hospital,General,11:50,Monday,5,No,Clear,15.23
Apollo Hospital,General,11:54,Wednesday,1,No,Clear,13.19
Square Hospital,Emergency,12:05,Monday,27,Yes,Clear,26.64
Apollo Hospital,Pediatrics,16:44,Wednesday,23,No,Clear,37.56
Popular Diagnostic,General,08:15,Thursday,29,No,Clear,56.43
Ibn Sina,Emergency,11:25,Thursday,7,Yes,Clear,15.16
Square Hospital,Emergency,13:47,Tuesday,12,Yes,Rainy,15.68
Dhaka Medical,Emergency,12:10,Thursday,13,Yes,Clear,27.92
Ibn Sina,General,13:48,Monday,20,No,Clear,36.03
Dhaka Medical,General,16:45,Monday,26,No,Clear,44.45
Apollo Hospital,General,12:32,Wednesday,25,No,Rainy,41.72
Ibn Sina,General,16:29,Monday,13,No,Clear,28.32
Popular Diagnostic,General,14:14,Monday,3,No,Clear,15.2
Apollo Hospital,Emergency,16:32,Tuesday,14,Yes,Clear,21.54
Dhaka Medical,Cardiology,08:17,Wednesday,7,No,Clear,22.68
Ibn Sina,General,13:46,Sunday,30,No,Clear,40.48
Ibn Sina,General,14:11,Thursday,27,No,Clear,57.83
Dhaka Medical,Emergency,09:55,Sunday,5,Yes,Clear,12.49
Apollo Hospital,Pediatrics,08:35,Monday,16,No,Rainy,36.59
Popular Diagnostic,Pediatrics,10:58,Tuesday,1,No,Clear,10.39
Apollo Hospital,Pediatrics,16:42,Thursday,9,No,Clear,20.16
Popular Diagnostic,Pediatrics,10:57,Thursday,1,No,Clear,8.15
Square Hospital,Emergency,14:43,Thursday,5,Yes,Clear,12.86
Ibn Sina,General,12:22,Monday,11,No,Rainy,26.48
Dhaka Medical,General,11:32,Monday,0,No,Clear,10.06
Square Hospital,Emergency,09:12,Thursday,23,Yes,Clear,31.67
Ibn Sina,General,17:49,Monday,18,No,Clear,33.39
Apollo Hospital,Cardiology,08:36,Thursday,18,No,Clear,37.44
Apollo Hospital,Emergency,09:46,Tuesday,7,Yes,Rainy,14.09
Popular Diagnostic,Emergency,10:18,Monday,16,Yes,Clear,26.66
Dhaka Medical,Pediatrics,13:38,Sunday,0,No,Clear,8.22
Apollo Hospital,Emergency,14:43,Tuesday,23,Yes,Rainy,37.93
Ibn Sina,General,10:19,Monday,7,No,Rainy,18.53
Dhaka Medical,Cardiology,14:08,Monday,3,No,Rainy,18.77
Ibn Sina,Pediatrics,10:21,Thursday,2,No,Clear,12.24
Ibn Sina,Pediatrics,10:52,Thursday,26,No,Clear,42.61
Ibn Sina,Pediatrics,14:02,Tuesday,26,No,Rainy,47.68
Ibn Sina,General,16:26,Wednesday,14,No,Clear,26.37
Ibn Sina,Cardiology,16:58,Thursday,27,No,Clear,45.93
Apollo Hospital,Cardiology,13:44,Sunday,7,No,Rainy,24.52
Popular Diagnostic,Cardiology,08:56,Monday,7,No,Clear,20.84
Popular Diagnostic,Cardiology,13:06,Thursday,19,No,Clear,36.42
Apollo Hospital,Cardiology,15:12,Thursday,18,No,Clear,39.58
Apollo Hospital,Pediatrics,08:22,Monday,13,No,Rainy,26.6
Square Hospital,Emergency,14:39,Sunday,6,Yes,Rainy,11.65
Square Hospital,Pediatrics,08:54,Sunday,29,No,Rainy,49.17
Apollo Hospital,General,08:11,Sunday,3,No,Clear,13.91
Apollo Hospital,General,16:27,Monday,7,No,Clear,19.73
Ibn Sina,General,16:57,Tuesday,16,No,Clear,25.07
Dhaka Medical,General,12:05,Thursday,30,No,Rainy,53.21
Apollo Hospital,Emergency,14:33,Sunday,6,Yes,Clear,11.89
Popular Diagnostic,Emergency,14:31,Monday,29,Yes,Clear,26.77
Square Hospital,General,17:28,Wednesday,19,No,Clear,31.45
Apollo Hospital,Pediatrics,17:01,Sunday,18,No,Clear,32.92
Apollo Hospital,Emergency,10:35,Tuesday,5,Yes,Clear,9.9
Apollo Hospital,Emergency,15:53,Sunday,22,Yes,Clear,24.16
Dhaka Medical,General,12:06,Tuesday,6,No,Clear,19.54
Ibn Sina,General,13:29,Monday,15,No,Clear,28.37
Dhaka Medical,Pediatrics,14:18,Sunday,16,No,Clear,22.69
Ibn Sina,Cardiology,16:09,Tuesday,26,No,Clear,47.51
Ibn Sina,Cardiology,16:30,Wednesday,5,No,Clear,20.8
Square Hospital,Pediatrics,09:27,Wednesday,16,No,Rainy,34.04
Square Hospital,Pediatrics,17:06,Tuesday,28,No,Clear,48.7
Ibn Sina,General,16:25,Thursday,15,No,Clear,37.21
Square Hospital,General,15:48,Tuesday,24,No,Clear,40.32
Ibn Sina,General,11:31,Thursday,17,No,Rainy,40.84
Popular Diagnostic,Emergency,08:37,Thursday,12,Yes,Clear,23.86
Apollo Hospital,Cardiology,10:16,Thursday,28,No,Rainy,56.72
Square Hospital,Emergency,08:53,Thursday,19,Yes,Clear,27.33
Popular Diagnostic,Pediatrics,10:08,Thursday,21,No,Rainy,47.8
Square Hospital,Cardiology,13:49,Sunday,12,No,Clear,26.46
Square Hospital,Cardiology,15:16,Thursday,13,No,Clear,33.04
Popular Diagnostic,Pediatrics,09:42,Monday,7,No,Rainy,18.72
Apollo Hospital,General,09:17,Wednesday,2,No,Clear,12.38
Popular Diagnostic,Emergency,11:05,Wednesday,0,Yes,Rainy,6.55
Dhaka Medical,Emergency,16:04,Wednesday,12,Yes,Clear,25.61
Ibn Sina,Emergency,11:22,Sunday,29,Yes,Clear,39.77
Dhaka Medical,General,12:50,Thursday,23,No,Clear,39.17
Ibn Sina,Cardiology,12:59,Thursday,9,No,Clear,26.34
Ibn Sina,Pediatrics,16:53,Thursday,23,No,Clear,43.88
Dhaka Medical,Pediatrics,10:46,Tuesday,9,No,Clear,20.55
Popular Diagnostic,Emergency,14:41,Tuesday,14,Yes,Clear,20.93
Square Hospital,Cardiology,14:35,Tuesday,24,No,Clear,42.72
Popular Diagnostic,Cardiology,17:07,Sunday,17,No,Clear,33.78
Dhaka Medical,Pediatrics,11:11,Tuesday,7,No,Clear,19.24
Dhaka Medical,Cardiology,16:10,Thursday,2,No,Rainy,15.8
Dhaka Medical,Emergency,17:18,Monday,4,Yes,Clear,10.47
Popular Diagnostic,Pediatrics,14:55,Tuesday,13,No,Clear,21.5
Dhaka Medical,Pediatrics,16:29,Wednesday,1,No,Clear,8.24
Popular Diagnostic,Cardiology,15:12,Monday,2,No,Clear,12.32
Popular Diagnostic,Emergency,09:39,Wednesday,23,Yes,Clear,32.55
Square Hospital,General,13:22,Monday,1,No,Rainy,12.78
Dhaka Medical,General,17:55,Wednesday,28,No,Rainy,59.88
Apollo Hospital,Pediatrics,17:10,Wednesday,24,No,Clear,32.45
Dhaka Medical,General,10:50,Thursday,21,No,Clear,40.7
Square Hospital,Cardiology,16:22,Thursday,29,No,Clear,48.92
Ibn Sina,General,12:08,Tuesday,6,No,Clear,16.0
Popular Diagnostic,Pediatrics,11:32,Monday,18,No,Clear,35.26
Popular Diagnostic,Pediatrics,08:13,Thursday,15,No,Clear,30.98
Popular Diagnostic,Emergency,16:30,Monday,1,Yes,Clear,6.66
Square Hospital,Emergency,10:57,Thursday,0,Yes,Clear,3.42
Popular Diagnostic,Emergency,16:03,Tuesday,28,Yes,Clear,27.1
Apollo Hospital,Pediatrics,09:29,Sunday,17,No,Clear,29.05
Dhaka Medical,General,15:10,Monday,16,No,Clear,29.39
Popular Diagnostic,Cardiology,12:20,Thursday,11,No,Rainy,34.4
Apollo Hospital,Emergency,08:45,Tuesday,17,Yes,Clear,31.33
Dhaka Medical,Cardiology,14:34,Wednesday,11,No,Clear,24.81
Dhaka Medical,Cardiology,16:36,Tuesday,27,No,Rainy,47.2
Popular Diagnostic,Cardiology,08:26,Monday,9,No,Clear,22.89
Ibn Sina,Emergency,11:33,Tuesday,17,Yes,Rainy,30.65
Apollo Hospital,Emergency,17:11,Monday,17,Yes,Clear,25.37
Square Hospital,Cardiology,12:49,Thursday,23,No,Clear,39.81
Ibn Sina,General,08:44,Tuesday,2,No,Clear,13.78
Ibn Sina,Emergency,08:05,Monday,21,Yes,Clear,30.83
Popular Diagnostic,General,12:39,Tuesday,22,No,Rainy,42.92
Square Hospital,Cardiology,10:22,Sunday,27,No,Clear,48.56
Square Hospital,Cardiology,15:34,Sunday,0,No,Clear,10.14
Popular Diagnostic,General,11:35,Monday,0,No,Clear,11.34
Square Hospital,Emergency,15:35,Thursday,7,Yes,Rainy,11.52
Apollo Hospital,General,09:33,Thursday,6,No,Clear,18.94
Apollo Hospital,Pediatrics,12:13,Thursday,24,No,Clear,40.97
Square Hospital,Emergency,11:45,Monday,6,Yes,Clear,12.74
Apollo Hospital,General,10:09,Wednesday,9,No,Clear,20.93
Square Hospital,Emergency,12:23,Thursday,3,Yes,Clear,9.24
Square Hospital,Pediatrics,11:06,Monday,15,No,Clear,25.35
Dhaka Medical,Pediatrics,17:40,Monday,8,No,Rainy,20.05
Square Hospital,General,15:33,Monday,22,No,Clear,42.56
Dhaka Medical,General,11:06,Thursday,0,No,Clear,11.55
Apollo Hospital,Pediatrics,17:26,Monday,15,No,Rainy,30.49
Square Hospital,Pediatrics,17:31,Wednesday,6,No,Clear,13.89
Ibn Sina,Emergency,13:06,Thursday,8,Yes,Clear,21.27
Square Hospital,General,17:59,Tuesday,17,No,Rainy,35.49
Ibn Sina,Cardiology,15:12,Monday,27,No,Clear,41.4
Popular Diagnostic,General,10:48,Tuesday,5,No,Rainy,19.94
Popular Diagnostic,Pediatrics,11:02,Wednesday,7,No,Clear,16.81
Ibn Sina,Cardiology,12:20,Sunday,7,No,Clear,23.68
Ibn Sina,Cardiology,13:51,Tuesday,3,No,Rainy,15.68
Ibn Sina,General,09:28,Wednesday,19,No,Clear,35.57
Ibn Sina,Cardiology,09:12,Tuesday,14,No,Clear,31.77
Square Hospital,Emergency,12:16,Sunday,9,Yes,Rainy,20.75
Dhaka Medical,Pediatrics,14:58,Monday,20,No,Clear,33.94
Dhaka Medical,Emergency,17:24,Wednesday,25,Yes,Clear,41.94
Ibn Sina,Cardiology,16:31,Sunday,12,No,Clear,24.97
Ibn Sina,Pediatrics,10:25,Monday,9,No,Rainy,19.4
Dhaka Medical,Cardiology,09:12,Thursday,10,No,Rainy,27.6
Square Hospital,Cardiology,14:56,Thursday,7,No,Clear,19.5
Ibn Sina,General,12:20,Wednesday,15,No,Clear,31.54
Dhaka Medical,Pediatrics,12:34,Sunday,18,No,Rainy,34.44
Square Hospital,Pediatrics,15:32,Wednesday,29,No,Clear,40.65
Square Hospital,General,15:12,Tuesday,11,No,Clear,24.48
Ibn Sina,Emergency,08:09,Sunday,28,Yes,Rainy,37.98
Dhaka Medical,Pediatrics,12:55,Tuesday,27,No,Clear,40.83
Apollo Hospital,General,16:58,Tuesday,2,No,Clear,13.79
Popular Diagnostic,Emergency,14:52,Tuesday,16,Yes,Rainy,29.28
Apollo Hospital,Pediatrics,16:23,Wednesday,6,No,Clear,13.07
Square Hospital,General,16:35,Sunday,8,No,Clear,20.16
Popular Diagnostic,Cardiology,11:22,Monday,22,No,Clear,44.18
Popular Diagnostic,Pediatrics,16:29,Monday,6,No,Clear,15.42
Popular Diagnostic,General,12:26,Wednesday,19,No,Clear,34.58
Dhaka Medical,Cardiology,15:57,Wednesday,0,No,Clear,10.07
Popular Diagnostic,General,14:49,Sunday,23,No,Clear,38.87
Popular Diagnostic,General,11:36,Sunday,7,No,Clear,19.95
Dhaka Medical,Cardiology,09:51,Wednesday,4,No,Rainy,19.8
Popular Diagnostic,Cardiology,11:26,Tuesday,10,No,Clear,26.57
Popular Diagnostic,Cardiology,15:21,Thursday,20,No,Clear,37.6
Apollo Hospital,General,08:35,Tuesday,11,No,Rainy,26.37
Popular Diagnostic,Emergency,10:45,Monday,9,Yes,Clear,16.8
Square Hospital,Emergency,14:00,Thursday,10,Yes,Clear,20.02
Popular Diagnostic,Emergency,11:03,Wednesday,25,Yes,Clear,30.96
Dhaka Medical,General,13:31,Thursday,8,No,Rainy,22.05
Apollo Hospital,Emergency,11:08,Thursday,22,Yes,Clear,21.5
Dhaka Medical,Emergency,08:57,Tuesday,17,Yes,Rainy,24.9
Square Hospital,General,13:52,Thursday,26,No,Rainy,46.67
Square Hospital,Cardiology,13:33,Wednesday,29,No,Rainy,58.41
Dhaka Medical,Emergency,15:49,Sunday,13,Yes,Clear,19.95
Dhaka Medical,General,17:48,Tuesday,15,No,Clear,27.08
Square Hospital,Emergency,13:47,Wednesday,23,Yes,Rainy,41.41
Apollo Hospital,Pediatrics,16:35,Wednesday,0,No,Rainy,6.22
Popular Diagnostic,General,14:30,Thursday,16,No,Clear,34.67
Square Hospital,Emergency,15:01,Thursday,18,Yes,Clear,24.27
Popular Diagnostic,Emergency,13:57,Sunday,24,Yes,Clear,22.39
Popular Diagnostic,Cardiology,14:54,Monday,26,No,Clear,41.86
Apollo Hospital,Emergency,15:25,Monday,15,Yes,Rainy,24.27
Ibn Sina,Cardiology,10:37,Tuesday,7,No,Clear,19.53
Ibn Sina,Cardiology,12:13,Tuesday,25,No,Clear,41.99
Ibn Sina,Cardiology,12:50,Wednesday,2,No,Clear,15.45
Square Hospital,Pediatrics,13:50,Monday,23,No,Clear,36.64
Apollo Hospital,Cardiology,09:23,Thursday,5,No,Clear,19.13
Popular Diagnostic,Cardiology,17:08,Sunday,30,No,Clear,48.39
Ibn Sina,Pediatrics,17:19,Sunday,0,No,Clear,6.72
Ibn Sina,Emergency,12:02,Monday,20,Yes,Clear,35.01
Dhaka Medical,Cardiology,08:43,Sunday,11,No,Rainy,31.08
Square Hospital,Cardiology,16:35,Tuesday,27,No,Rainy,54.17
Apollo Hospital,Cardiology,12:28,Tuesday,16,No,Rainy,34.63
Ibn Sina,General,17:19,Thursday,30,No,Clear,57.51
Ibn Sina,Pediatrics,11:34,Thursday,10,No,Rainy,29.64
Apollo Hospital,Emergency,17:10,Thursday,9,Yes,Clear,10.47
Popular Diagnostic,Pediatrics,10:46,Tuesday,12,No,Clear,21.9
Ibn Sina,Pediatrics,08:29,Thursday,8,No,Clear,22.08
Ibn Sina,Cardiology,10:06,Wednesday,29,No,Clear,51.32
Apollo Hospital,General,13:02,Sunday,27,No,Clear,48.27
Square Hospital,General,13:53,Tuesday,26,No,Clear,47.84
Dhaka Medical,General,13:23,Tuesday,11,No,Clear,20.87
Popular Diagnostic,Emergency,09:02,Thursday,3,Yes,Rainy,6.35
Apollo Hospital,General,13:02,Tuesday,26,No,Clear,38.56
Apollo Hospital,Pediatrics,15:04,Monday,13,No,Clear,25.31
Ibn Sina,Pediatrics,11:06,Sunday,13,No,Rainy,25.89
Square Hospital,Cardiology,10:12,Sunday,13,No,Clear,26.47
Square Hospital,Emergency,11:47,Sunday,4,Yes,Clear,9.99
Square Hospital,Emergency,16:43,Tuesday,9,Yes,Clear,13.79
Square Hospital,Pediatrics,16:40,Thursday,29,No,Clear,55.74
Apollo Hospital,General,13:43,Thursday,11,No,Clear,24.93
Ibn Sina,General,15:58,Wednesday,14,No,Clear,28.67
Square Hospital,Pediatrics,08:37,Wednesday,25,No,Rainy,45.5
Apollo Hospital,General,08:44,Monday,11,No,Clear,25.34
Square Hospital,General,13:49,Thursday,4,No,Clear,14.69
Apollo Hospital,Cardiology,17:05,Thursday,26,No,Rainy,63.14
Dhaka Medical,General,17:52,Wednesday,26,No,Clear,36.08
Square Hospital,Pediatrics,10:12,Thursday,13,No,Rainy,28.0
Apollo Hospital,Pediatrics,13:15,Wednesday,25,No,Rainy,42.77
Square Hospital,Cardiology,08:31,Thursday,10,No,Clear,26.05
Square Hospital,General,08:41,Thursday,27,No,Clear,45.55
Popular Diagnostic,Cardiology,14:03,Sunday,11,No,Clear,23.68
Ibn Sina,Pediatrics,13:00,Monday,21,No,Clear,30.57
Dhaka Medical,Cardiology,10:43,Tuesday,6,No,Rainy,19.29
Dhaka Medical,Cardiology,11:44,Wednesday,6,No,Clear,18.64
Square Hospital,Pediatrics,08:26,Thursday,14,No,Clear,23.95
Dhaka Medical,Emergency,16:18,Monday,2,Yes,Clear,5.56
Ibn Sina,Pediatrics,17:35,Tuesday,17,No,Clear,24.31
Popular Diagnostic,Cardiology,09:40,Thursday,18,No,Clear,33.26
Apollo Hospital,Emergency,12:30,Thursday,10,Yes,Clear,19.73
Dhaka Medical,Pediatrics,15:08,Monday,30,No,Clear,43.65
Dhaka Medical,Emergency,11:12,Tuesday,1,Yes,Clear,7.74
Apollo Hospital,General,09:04,Thursday,1,No,Rainy,12.71
Apollo Hospital,General,17:30,Tuesday,15,No,Clear,28.06
Popular Diagnostic,Cardiology,08:40,Thursday,13,No,Rainy,37.61
Popular Diagnostic,General,08:40,Sunday,10,No,Clear,22.61
Square Hospital,Emergency,12:05,Tuesday,22,Yes,Rainy,38.34
Square Hospital,Cardiology,14:15,Wednesday,22,No,Rainy,47.02
Popular Diagnostic,Emergency,10:54,Monday,19,Yes,Clear,17.71
Dhaka Medical,Cardiology,16:05,Wednesday,27,No,Rainy,52.51
Ibn Sina,Pediatrics,13:49,Thursday,30,No,Clear,48.4
Popular Diagnostic,Cardiology,08:29,Thursday,0,No,Clear,12.37
Popular Diagnostic,Cardiology,14:34,Tuesday,2,No,Rainy,15.08
Dhaka Medical,General,15:27,Sunday,25,No,Clear,35.83
Ibn Sina,Emergency,13:17,Tuesday,4,Yes,Clear,10.68
Apollo Hospital,Pediatrics,17:44,Monday,16,No,Clear,26.3
Square Hospital,Pediatrics,11:19,Thursday,23,No,Clear,40.14
Ibn Sina,Cardiology,09:59,Wednesday,20,No,Clear,38.66
Popular Diagnostic,Cardiology,08:00,Thursday,16,No,Clear,35.41
Square Hospital,Emergency,17:18,Sunday,28,Yes,Clear,45.72
Square Hospital,Cardiology,17:54,Wednesday,26,No,Rainy,55.78
Popular Diagnostic,Pediatrics,13:07,Sunday,10,No,Clear,17.36
Square Hospital,General,15:31,Wednesday,24,No,Clear,34.21
Popular Diagnostic,General,16:14,Wednesday,4,No,Rainy,16.02
Popular Diagnostic,Pediatrics,15:18,Tuesday,21,No,Clear,35.64
Ibn Sina,Emergency,16:02,Monday,2,Yes,Clear,6.84
Dhaka Medical,General,10:05,Monday,24,No,Clear,41.05
Dhaka Medical,Cardiology,14:58,Sunday,26,No,Clear,38.72
Popular Diagnostic,Cardiology,08:00,Sunday,10,No,Rainy,27.66
Dhaka Medical,Emergency,17:52,Wednesday,6,Yes,Clear,12.43
Dhaka Medical,General,14:34,Sunday,11,No,Clear,21.26
Apollo Hospital,Cardiology,11:40,Monday,0,No,Clear,11.94
Dhaka Medical,Emergency,17:05,Monday,15,Yes,Rainy,24.71
Square Hospital,Cardiology,09:20,Thursday,4,No,Clear,18.91
Ibn Sina,Cardiology,08:45,Thursday,8,No,Clear,23.79
Apollo Hospital,Emergency,17:11,Thursday,24,Yes,Clear,27.06
Popular Diagnostic,General,10:13,Sunday,18,No,Rainy,39.38
Square Hospital,Cardiology,11:12,Sunday,23,No,Rainy,40.25
Square Hospital,General,14:53,Tuesday,29,No,Clear,55.22
Square Hospital,General,15:12,Wednesday,9,No,Clear,24.58
Popular Diagnostic,Cardiology,13:31,Thursday,15,No,Clear,38.24
Apollo Hospital,Emergency,14:13,Monday,3,Yes,Rainy,7.44
Apollo Hospital,Emergency,13:14,Sunday,28,Yes,Rainy,34.07
Ibn Sina,Cardiology,11:48,Sunday,1,No,Clear,12.11
Apollo Hospital,General,17:25,Thursday,27,No,Clear,49.78
Ibn Sina,Cardiology,15:36,Monday,22,No,Clear,35.28
Popular Diagnostic,Emergency,12:38,Sunday,16,Yes,Clear,24.65
Apollo Hospital,Emergency,08:10,Tuesday,7,Yes,Clear,14.49
Apollo Hospital,Cardiology,16:37,Sunday,8,No,Clear,24.63
Ibn Sina,General,13:35,Thursday,6,No,Clear,21.49
Ibn Sina,Emergency,11:21,Tuesday,8,Yes,Rainy,12.81
Ibn Sina,Emergency,12:20,Monday,0,Yes,Rainy,6.27
Dhaka Medical,Emergency,16:20,Tuesday,19,Yes,Clear,21.37
Square Hospital,Emergency,14:11,Monday,8,Yes,Clear,17.11
Square Hospital,General,16:57,Tuesday,19,No,Clear,27.32
Apollo Hospital,General,10:06,Thursday,10,No,Rainy,25.88
Ibn Sina,General,17:16,Monday,1,No,Rainy,11.55
Apollo Hospital,Cardiology,10:14,Wednesday,13,No,Clear,25.81
Square Hospital,General,11:20,Tuesday,6,No,Clear,15.08
Ibn Sina,Cardiology,13:51,Monday,19,No,Clear,38.8
Square Hospital,Emergency,14:38,Wednesday,28,Yes,Clear,33.0
Ibn Sina,Cardiology,13:50,Thursday,24,No,Rainy,52.46
Ibn Sina,Emergency,09:57,Thursday,5,Yes,Clear,14.12
Popular Diagnostic,Cardiology,13:23,Monday,2,No,Clear,15.49
Popular Diagnostic,Pediatrics,14:14,Monday,7,No,Clear,15.26
Square Hospital,General,10:28,Tuesday,22,No,Rainy,44.62
Dhaka Medical,Emergency,15:52,Sunday,11,Yes,Clear,12.92
Dhaka Medical,General,08:58,Wednesday,10,No,Rainy,26.11
Apollo Hospital,Emergency,09:19,Tuesday,20,Yes,Rainy,32.45
Popular Diagnostic,Emergency,13:45,Tuesday,15,Yes,Clear,21.04
Dhaka Medical,Pediatrics,14:03,Tuesday,15,No,Clear,23.44
Popular Diagnostic,Emergency,15:01,Monday,9,Yes,Clear,10.64
Square Hospital,Cardiology,16:08,Thursday,19,No,Clear,44.95
Dhaka Medical,General,14:53,Sunday,7,No,Clear,21.49
Apollo Hospital,Cardiology,12:06,Thursday,1,No,Rainy,15.25
Popular Diagnostic,Pediatrics,08:51,Monday,8,No,Rainy,15.98
Square Hospital,Emergency,12:46,Tuesday,25,Yes,Clear,27.02
Ibn Sina,Pediatrics,09:36,Sunday,29,No,Clear,44.4
Popular Diagnostic,Cardiology,15:31,Thursday,26,No,Rainy,51.43
Dhaka Medical,Emergency,16:01,Tuesday,8,Yes,Clear,18.02
Apollo Hospital,Cardiology,08:13,Thursday,19,No,Rainy,44.28
Square Hospital,Pediatrics,10:38,Monday,19,No,Clear,33.88
Dhaka Medical,General,13:19,Thursday,30,No,Clear,59.39
Popular Diagnostic,Pediatrics,09:21,Sunday,7,No,Clear,16.34
Popular Diagnostic,Pediatrics,09:23,Sunday,24,No,Clear,36.37
Popular Diagnostic,Cardiology,17:15,Thursday,10,No,Clear,29.45
Ibn Sina,Cardiology,08:38,Thursday,30,No,Clear,56.43
Dhaka Medical,Pediatrics,12:50,Thursday,8,No,Clear,18.05
Square Hospital,Emergency,11:46,Wednesday,27,Yes,Rainy,39.08
Apollo Hospital,General,15:22,Wednesday,6,No,Clear,16.41
Popular Diagnostic,Pediatrics,08:27,Monday,8,No,Rainy,20.89
