branch_name,service_type,arrival_time,day_of_week,queue_length_at_arrival,is_rush_hour,wait_time_min
Motijheel Branch,Loan,15:21,Monday,9,No,28.5
Dhanmondi Branch,Deposit,15:35,Tuesday,11,No,20.4
Banani Branch,Deposit,11:48,Tuesday,6,No,13.74
Motijheel Branch,Withdraw,16:35,Sunday,8,No,16.22
Motijheel Branch,Deposit,16:28,Sunday,11,No,18.24
Uttara Branch,Loan,14:36,Tuesday,10,Yes,29.89
Mirpur Branch,Withdraw,11:41,Tuesday,3,No,7.8
Uttara Branch,Withdraw,13:51,Thursday,17,Yes,34.36
Mirpur Branch,Withdraw,10:56,Sunday,9,Yes,19.87
Motijheel Branch,Loan,13:02,Wednesday,19,Yes,44.02
Motijheel Branch,Withdraw,13:30,Thursday,2,Yes,6.68
Dhanmondi Branch,Deposit,09:33,Wednesday,16,Yes,30.76
Banani Branch,Loan,10:08,Sunday,12,Yes,33.37
Uttara Branch,Loan,16:43,Thursday,19,No,49.14
Motijheel Branch,Deposit,12:22,Wednesday,13,No,24.27
Uttara Branch,Loan,16:32,Wednesday,10,No,27.2
Uttara Branch,Deposit,12:11,Wednesday,20,No,26.14
Mirpur Branch,Withdraw,12:55,Tuesday,8,No,13.65
Motijheel Branch,Deposit,15:07,Monday,6,No,11.75
Mirpur Branch,Withdraw,12:04,Monday,0,No,3.85
Mirpur Branch,Withdraw,09:29,Wednesday,19,Yes,28.94
Mirpur Branch,Loan,09:19,Monday,18,Yes,42.8
Mirpur Branch,Deposit,12:36,Monday,0,No,4.96
Motijheel Branch,Deposit,16:48,Thursday,15,No,33.25
Mirpur Branch,Deposit,16:08,Thursday,17,No,27.73
Dhanmondi Branch,Loan,14:35,Sunday,5,Yes,23.3
Motijheel Branch,Withdraw,10:13,Tuesday,12,Yes,19.52
Motijheel Branch,Loan,10:32,Wednesday,13,Yes,32.04
Banani Branch,Deposit,16:25,Wednesday,6,No,12.78
Motijheel Branch,Deposit,16:01,Thursday,3,No,8.86
Motijheel Branch,Withdraw,13:13,Wednesday,1,Yes,5.09
Motijheel Branch,Loan,11:40,Thursday,2,No,19.08
Mirpur Branch,Loan,11:15,Tuesday,8,No,24.68
Banani Branch,Loan,14:23,Thursday,15,Yes,40.88
Mirpur Branch,Withdraw,16:26,Thursday,17,No,26.77
Mirpur Branch,Deposit,09:20,Monday,19,Yes,37.01
Banani Branch,Deposit,16:02,Sunday,2,No,6.36
Dhanmondi Branch,Loan,10:28,Monday,8,Yes,26.67
Motijheel Branch,Withdraw,13:15,Wednesday,18,Yes,30.67
Mirpur Branch,Withdraw,11:57,Tuesday,0,No,3.76
Dhanmondi Branch,Withdraw,16:00,Thursday,1,No,5.54
Uttara Branch,Deposit,13:00,Thursday,8,Yes,17.68
Motijheel Branch,Loan,10:28,Sunday,8,Yes,26.55
Banani Branch,Deposit,16:19,Thursday,1,No,6.62
Banani Branch,Deposit,13:58,Monday,17,Yes,29.23
Motijheel Branch,Deposit,16:11,Tuesday,2,No,7.38
Motijheel Branch,Withdraw,14:00,Thursday,15,Yes,28.82
Uttara Branch,Deposit,13:17,Tuesday,9,Yes,18.95
Banani Branch,Withdraw,10:41,Sunday,10,Yes,16.79
Uttara Branch,Loan,09:24,Wednesday,1,Yes,16.44
Dhanmondi Branch,Loan,10:40,Thursday,13,Yes,38.34
Mirpur Branch,Loan,14:22,Tuesday,15,Yes,37.88
Dhanmondi Branch,Deposit,10:13,Sunday,20,Yes,39.99
Banani Branch,Deposit,15:20,Thursday,18,No,34.22
Banani Branch,Deposit,14:50,Tuesday,9,Yes,18.32
Motijheel Branch,Withdraw,16:06,Wednesday,18,No,24.74
Motijheel Branch,Deposit,15:51,Wednesday,13,No,20.36
Mirpur Branch,Deposit,14:30,Thursday,8,Yes,22.33
Motijheel Branch,Loan,13:44,Monday,16,Yes,40.74
Mirpur Branch,Deposit,13:38,Monday,19,Yes,31.63
Mirpur Branch,Loan,09:20,Sunday,16,Yes,36.86
Uttara Branch,Loan,11:01,Wednesday,7,No,23.39
Motijheel Branch,Withdraw,14:43,Sunday,16,Yes,28.48
Uttara Branch,Withdraw,15:31,Monday,18,No,24.18
Mirpur Branch,Deposit,16:07,Thursday,2,No,7.65
Banani Branch,Deposit,11:10,Wednesday,11,No,19.58
Dhanmondi Branch,Withdraw,11:37,Thursday,6,No,14.85
Banani Branch,Loan,12:32,Monday,3,No,18.8
Uttara Branch,Deposit,16:00,Sunday,10,No,19.27
Motijheel Branch,Deposit,09:25,Thursday,5,Yes,14.47
Uttara Branch,Loan,12:17,Tuesday,6,No,21.97
Mirpur Branch,Withdraw,10:44,Sunday,3,Yes,8.94
Uttara Branch,Loan,13:01,Wednesday,16,Yes,43.69
Uttara Branch,Deposit,10:13,Thursday,8,Yes,21.76
Banani Branch,Loan,15:29,Sunday,2,No,17.95
Uttara Branch,Deposit,10:25,Thursday,19,Yes,43.6
Uttara Branch,Withdraw,16:58,Thursday,2,No,7.3
Dhanmondi Branch,Loan,12:04,Wednesday,15,No,34.51
Dhanmondi Branch,Deposit,10:17,Thursday,2,Yes,10.38
Mirpur Branch,Withdraw,16:12,Sunday,8,No,12.55
Mirpur Branch,Loan,14:19,Sunday,19,Yes,43.08
Motijheel Branch,Withdraw,14:12,Thursday,4,Yes,11.32
Motijheel Branch,Deposit,09:04,Thursday,11,Yes,25.58
Motijheel Branch,Deposit,16:57,Wednesday,16,No,25.0
Motijheel Branch,Withdraw,13:33,Sunday,11,Yes,21.91
Banani Branch,Loan,09:17,Monday,9,Yes,26.56
Banani Branch,Deposit,12:13,Wednesday,4,No,8.91
Motijheel Branch,Deposit,11:04,Wednesday,17,No,30.25
Uttara Branch,Loan,09:51,Thursday,3,Yes,22.11
Dhanmondi Branch,Withdraw,14:52,Monday,15,Yes,28.53
Uttara Branch,Loan,16:28,Thursday,13,No,33.03
Banani Branch,Loan,14:22,Sunday,17,Yes,41.16
Dhanmondi Branch,Deposit,16:42,Thursday,8,No,20.56
Mirpur Branch,Deposit,15:37,Sunday,2,No,6.42
Dhanmondi Branch,Withdraw,13:44,Thursday,16,Yes,39.56
Motijheel Branch,Deposit,15:44,Wednesday,10,No,19.13
Uttara Branch,Deposit,14:49,Sunday,18,Yes,36.09
Motijheel Branch,Deposit,11:22,Tuesday,3,No,8.17
Mirpur Branch,Loan,12:24,Thursday,7,No,25.35
Dhanmondi Branch,Loan,09:45,Wednesday,5,Yes,22.54
Mirpur Branch,Withdraw,12:15,Wednesday,17,No,28.92
Uttara Branch,Withdraw,14:12,Monday,15,Yes,24.49
Mirpur Branch,Withdraw,10:22,Monday,12,Yes,23.88
Banani Branch,Deposit,16:18,Monday,4,No,8.98
Uttara Branch,Withdraw,14:36,Monday,7,Yes,15.29
Uttara Branch,Deposit,12:16,Tuesday,8,No,12.89
Mirpur Branch,Loan,10:53,Thursday,4,Yes,23.94
Banani Branch,Loan,13:15,Sunday,7,Yes,27.25
Motijheel Branch,Loan,13:13,Wednesday,11,Yes,31.38
Banani Branch,Deposit,11:44,Wednesday,9,No,15.83
Mirpur Branch,Withdraw,16:09,Sunday,1,No,5.43
Motijheel Branch,Deposit,13:11,Wednesday,6,Yes,13.35
Banani Branch,Loan,09:12,Sunday,6,Yes,24.67
Banani Branch,Withdraw,10:35,Wednesday,1,Yes,5.82
Uttara Branch,Withdraw,16:51,Monday,10,No,18.67
Banani Branch,Deposit,12:14,Monday,14,No,22.38
Banani Branch,Deposit,16:01,Sunday,4,No,9.65
Motijheel Branch,Withdraw,09:20,Sunday,6,Yes,12.56
Uttara Branch,Deposit,12:10,Sunday,11,No,18.24
Banani Branch,Loan,14:20,Wednesday,2,Yes,16.91
Dhanmondi Branch,Loan,15:07,Monday,10,No,28.85
Dhanmondi Branch,Deposit,15:25,Thursday,0,No,5.05
Dhanmondi Branch,Deposit,11:20,Thursday,10,No,19.4
Mirpur Branch,Loan,14:09,Thursday,16,Yes,39.67
Mirpur Branch,Deposit,10:19,Sunday,5,Yes,12.38
Mirpur Branch,Deposit,11:35,Wednesday,8,No,16.77
Motijheel Branch,Loan,09:28,Monday,17,Yes,38.14
Mirpur Branch,Loan,09:12,Wednesday,18,Yes,42.78
Uttara Branch,Loan,15:15,Wednesday,16,No,36.63
Dhanmondi Branch,Deposit,12:37,Sunday,11,No,19.44
Uttara Branch,Withdraw,12:36,Sunday,14,No,25.52
Banani Branch,Deposit,11:51,Sunday,13,No,21.54
Motijheel Branch,Deposit,09:52,Sunday,0,Yes,4.6
Banani Branch,Deposit,13:37,Monday,1,Yes,7.22
Mirpur Branch,Withdraw,16:01,Wednesday,18,No,24.26
Motijheel Branch,Deposit,14:54,Tuesday,16,Yes,33.26
Banani Branch,Deposit,15:11,Monday,17,No,28.85
Dhanmondi Branch,Withdraw,14:00,Sunday,10,Yes,18.07
Motijheel Branch,Loan,11:32,Sunday,11,No,26.86
Banani Branch,Deposit,10:06,Sunday,12,Yes,24.51
Dhanmondi Branch,Withdraw,11:44,Sunday,14,No,18.87
Mirpur Branch,Withdraw,09:41,Sunday,13,Yes,21.36
Banani Branch,Deposit,09:39,Tuesday,15,Yes,27.39
Banani Branch,Loan,12:35,Tuesday,12,No,28.91
Motijheel Branch,Withdraw,12:15,Thursday,6,No,12.59
Motijheel Branch,Loan,10:00,Sunday,1,Yes,16.61
Motijheel Branch,Deposit,09:34,Monday,17,Yes,32.75
Uttara Branch,Loan,11:13,Tuesday,1,No,15.41
Mirpur Branch,Withdraw,15:38,Monday,15,No,24.41
Uttara Branch,Withdraw,15:06,Monday,15,No,20.01
Dhanmondi Branch,Withdraw,14:06,Tuesday,8,Yes,16.86
Uttara Branch,Withdraw,13:59,Thursday,14,Yes,31.06
Banani Branch,Withdraw,14:20,Sunday,3,Yes,9.37
Dhanmondi Branch,Withdraw,10:11,Wednesday,18,Yes,30.9
Uttara Branch,Deposit,13:08,Sunday,10,Yes,17.67
Motijheel Branch,Deposit,10:16,Thursday,17,Yes,39.73
Uttara Branch,Loan,15:09,Wednesday,8,No,23.87
Uttara Branch,Withdraw,14:03,Monday,12,Yes,23.07
Mirpur Branch,Loan,09:20,Thursday,16,Yes,47.44
Banani Branch,Loan,10:32,Sunday,13,Yes,30.86
Banani Branch,Withdraw,09:37,Tuesday,16,Yes,31.26
Dhanmondi Branch,Deposit,10:10,Thursday,13,Yes,26.41
Banani Branch,Loan,16:15,Tuesday,20,No,38.35
Uttara Branch,Withdraw,12:57,Sunday,1,No,4.29
Banani Branch,Deposit,14:28,Monday,13,Yes,23.74
Banani Branch,Withdraw,09:52,Monday,8,Yes,17.62
Dhanmondi Branch,Withdraw,13:18,Sunday,18,Yes,26.82
Uttara Branch,Withdraw,10:12,Sunday,2,Yes,7.81
Banani Branch,Withdraw,13:24,Monday,8,Yes,15.15
Dhanmondi Branch,Deposit,11:37,Wednesday,13,No,21.83
Dhanmondi Branch,Deposit,11:56,Tuesday,14,No,19.84
Banani Branch,Withdraw,14:30,Monday,3,Yes,9.14
Motijheel Branch,Withdraw,12:54,Monday,0,No,3.07
Dhanmondi Branch,Loan,12:47,Monday,11,No,26.25
Motijheel Branch,Deposit,15:43,Monday,3,No,8.25
Dhanmondi Branch,Deposit,10:30,Wednesday,15,Yes,31.72
Motijheel Branch,Withdraw,12:38,Monday,13,No,18.04
Motijheel Branch,Withdraw,16:04,Thursday,20,No,33.76
Banani Branch,Loan,15:01,Wednesday,6,No,24.52
Mirpur Branch,Loan,16:41,Wednesday,18,No,39.34
Banani Branch,Withdraw,12:36,Thursday,0,No,3.13
Uttara Branch,Deposit,13:19,Wednesday,20,Yes,32.37
Dhanmondi Branch,Withdraw,13:17,Thursday,9,Yes,22.63
Dhanmondi Branch,Deposit,12:47,Tuesday,10,No,15.46
Uttara Branch,Deposit,13:17,Thursday,13,Yes,31.2
Banani Branch,Withdraw,12:22,Thursday,11,No,23.28
Motijheel Branch,Withdraw,14:15,Sunday,12,Yes,19.64
Mirpur Branch,Withdraw,12:45,Sunday,18,No,27.25
Motijheel Branch,Withdraw,12:01,Wednesday,10,No,16.47
Banani Branch,Withdraw,11:35,Tuesday,11,No,17.81
Dhanmondi Branch,Withdraw,14:13,Wednesday,17,Yes,33.34
Mirpur Branch,Deposit,12:13,Sunday,4,No,10.83
Uttara Branch,Deposit,13:29,Sunday,15,Yes,24.02
Uttara Branch,Deposit,09:06,Tuesday,3,Yes,9.6
Uttara Branch,Loan,10:05,Wednesday,12,Yes,29.95
Mirpur Branch,Withdraw,15:13,Wednesday,2,No,6.72
Motijheel Branch,Loan,12:38,Monday,7,No,22.49
Dhanmondi Branch,Loan,12:36,Sunday,3,No,17.53
Motijheel Branch,Withdraw,15:06,Thursday,19,No,39.39
Mirpur Branch,Deposit,15:19,Monday,8,No,13.61
Mirpur Branch,Loan,10:19,Thursday,18,Yes,48.66
Dhanmondi Branch,Withdraw,16:23,Thursday,10,No,17.23
Dhanmondi Branch,Loan,10:02,Sunday,15,Yes,33.11
Dhanmondi Branch,Withdraw,16:07,Monday,11,No,17.92
Mirpur Branch,Loan,16:31,Wednesday,12,No,28.66
Banani Branch,Withdraw,13:40,Wednesday,7,Yes,13.0
Mirpur Branch,Loan,16:48,Thursday,6,No,26.51
Uttara Branch,Deposit,16:44,Sunday,10,No,17.51
Motijheel Branch,Deposit,16:33,Wednesday,7,No,14.43
Uttara Branch,Deposit,09:33,Monday,7,Yes,16.42
Banani Branch,Deposit,14:11,Monday,17,Yes,30.22
Dhanmondi Branch,Deposit,12:28,Wednesday,12,No,17.13
Banani Branch,Withdraw,12:15,Monday,13,No,20.67
Uttara Branch,Deposit,09:40,Sunday,8,Yes,16.17
Uttara Branch,Loan,10:52,Sunday,4,Yes,20.95
Banani Branch,Deposit,10:46,Tuesday,1,Yes,6.75
Uttara Branch,Deposit,10:55,Wednesday,6,Yes,12.94
Mirpur Branch,Withdraw,09:25,Sunday,0,Yes,4.4
Mirpur Branch,Deposit,11:49,Sunday,20,No,28.66
Uttara Branch,Withdraw,15:35,Sunday,19,No,31.24
Motijheel Branch,Deposit,15:06,Thursday,5,No,12.47
Motijheel Branch,Loan,15:29,Monday,0,No,14.78
Banani Branch,Withdraw,12:41,Tuesday,12,No,20.4
Uttara Branch,Withdraw,14:50,Tuesday,5,Yes,10.62
Banani Branch,Deposit,11:59,Wednesday,0,No,4.95
Uttara Branch,Withdraw,09:25,Monday,10,Yes,18.3
Motijheel Branch,Withdraw,13:21,Monday,8,Yes,17.97
Banani Branch,Withdraw,16:31,Sunday,11,No,16.93
Banani Branch,Deposit,14:45,Tuesday,8,Yes,15.22
Dhanmondi Branch,Withdraw,09:21,Wednesday,15,Yes,26.88
Dhanmondi Branch,Loan,12:57,Monday,19,No,38.54
Motijheel Branch,Deposit,12:39,Wednesday,3,No,9.02
Uttara Branch,Loan,15:47,Sunday,7,No,23.06
Banani Branch,Withdraw,12:54,Sunday,4,No,9.56
Uttara Branch,Deposit,12:47,Sunday,6,No,11.78
Banani Branch,Loan,12:51,Wednesday,11,No,28.6
Dhanmondi Branch,Withdraw,14:46,Wednesday,10,Yes,18.21
Uttara Branch,Withdraw,12:08,Thursday,0,No,3.35
Mirpur Branch,Loan,09:31,Thursday,4,Yes,24.67
Dhanmondi Branch,Deposit,16:49,Monday,10,No,18.51
Uttara Branch,Deposit,11:17,Tuesday,12,No,19.74
Banani Branch,Loan,12:02,Tuesday,9,No,26.43
Motijheel Branch,Withdraw,16:44,Sunday,9,No,15.84
Motijheel Branch,Loan,09:16,Thursday,5,Yes,25.68
Uttara Branch,Loan,09:05,Monday,6,Yes,25.61
Dhanmondi Branch,Deposit,13:48,Wednesday,19,Yes,38.31
Uttara Branch,Withdraw,12:01,Sunday,18,No,23.46
Uttara Branch,Withdraw,13:55,Monday,18,Yes,30.15
Uttara Branch,Deposit,11:57,Tuesday,14,No,21.88
Dhanmondi Branch,Withdraw,16:37,Thursday,14,No,22.93
Mirpur Branch,Withdraw,11:59,Tuesday,6,No,11.38
Mirpur Branch,Loan,10:40,Sunday,14,Yes,36.93
Motijheel Branch,Loan,16:27,Thursday,18,No,43.53
Banani Branch,Withdraw,11:12,Sunday,9,No,15.45
Motijheel Branch,Withdraw,12:37,Sunday,7,No,13.16
Motijheel Branch,Deposit,11:17,Tuesday,8,No,13.95
Motijheel Branch,Loan,16:51,Sunday,9,No,25.36
Banani Branch,Loan,16:38,Monday,16,No,36.74
Mirpur Branch,Deposit,13:21,Tuesday,12,Yes,19.7
Banani Branch,Withdraw,10:15,Wednesday,20,Yes,35.55
Dhanmondi Branch,Deposit,09:58,Monday,12,Yes,23.06
Motijheel Branch,Withdraw,13:08,Monday,1,Yes,6.57
Motijheel Branch,Deposit,11:01,Tuesday,16,No,24.21
Motijheel Branch,Loan,12:30,Wednesday,1,No,16.7
Mirpur Branch,Loan,15:38,Monday,4,No,19.79
Mirpur Branch,Deposit,14:18,Sunday,14,Yes,27.34
Banani Branch,Loan,14:10,Tuesday,16,Yes,35.1
Dhanmondi Branch,Deposit,16:16,Wednesday,17,No,23.26
Dhanmondi Branch,Loan,15:27,Sunday,12,No,29.88
Motijheel Branch,Loan,13:26,Monday,19,Yes,47.52
Uttara Branch,Withdraw,15:13,Thursday,17,No,37.16
Banani Branch,Loan,13:26,Monday,20,Yes,44.05
Mirpur Branch,Loan,16:53,Tuesday,12,No,29.66
Banani Branch,Loan,11:38,Thursday,16,No,38.64
Motijheel Branch,Deposit,16:37,Sunday,19,No,32.15
Mirpur Branch,Loan,11:15,Wednesday,8,No,27.46
Dhanmondi Branch,Deposit,13:14,Tuesday,19,Yes,36.08
Motijheel Branch,Loan,12:23,Tuesday,16,No,32.52
Dhanmondi Branch,Deposit,09:05,Thursday,16,Yes,34.96
Motijheel Branch,Loan,15:18,Wednesday,0,No,14.62
Banani Branch,Loan,09:56,Wednesday,17,Yes,44.55
Motijheel Branch,Withdraw,10:28,Monday,5,Yes,12.34
Mirpur Branch,Deposit,12:18,Tuesday,6,No,12.17
Uttara Branch,Deposit,09:29,Wednesday,1,Yes,6.02
Motijheel Branch,Withdraw,11:50,Sunday,4,No,9.47
Dhanmondi Branch,Withdraw,16:45,Thursday,10,No,19.53
Uttara Branch,Deposit,14:42,Monday,16,Yes,24.94
Banani Branch,Loan,11:21,Wednesday,4,No,20.07
Motijheel Branch,Loan,14:00,Thursday,11,Yes,38.76
Banani Branch,Deposit,09:52,Sunday,3,Yes,9.52
Motijheel Branch,Loan,10:06,Thursday,8,Yes,33.52
Uttara Branch,Deposit,16:43,Sunday,5,No,12.56
Dhanmondi Branch,Deposit,12:30,Wednesday,17,No,29.5
Banani Branch,Withdraw,14:16,Thursday,8,Yes,17.95
Banani Branch,Withdraw,13:42,Wednesday,17,Yes,25.09
Dhanmondi Branch,Withdraw,10:57,Wednesday,12,Yes,24.34
Motijheel Branch,Withdraw,16:31,Sunday,3,No,7.0
Dhanmondi Branch,Withdraw,10:03,Wednesday,8,Yes,16.26
Uttara Branch,Deposit,09:27,Thursday,13,Yes,29.29
Dhanmondi Branch,Withdraw,12:20,Thursday,20,No,41.18
Motijheel Branch,Loan,12:27,Tuesday,7,No,24.84
Banani Branch,Deposit,10:34,Thursday,20,Yes,39.76
Uttara Branch,Loan,16:53,Thursday,19,No,46.67
Mirpur Branch,Withdraw,13:34,Wednesday,19,Yes,36.98
Banani Branch,Loan,15:08,Sunday,8,No,25.02
Dhanmondi Branch,Deposit,13:32,Tuesday,2,Yes,6.66
Motijheel Branch,Deposit,14:59,Wednesday,0,Yes,4.95
Banani Branch,Deposit,16:18,Thursday,18,No,29.75
Dhanmondi Branch,Loan,12:24,Thursday,2,No,18.19
Mirpur Branch,Withdraw,13:35,Monday,11,Yes,23.45
Banani Branch,Deposit,09:37,Tuesday,5,Yes,12.99
Banani Branch,Withdraw,12:52,Thursday,4,No,11.47
Motijheel Branch,Deposit,15:42,Tuesday,13,No,21.86
Dhanmondi Branch,Loan,16:54,Monday,7,No,23.47
Uttara Branch,Withdraw,15:51,Tuesday,3,No,7.83
Motijheel Branch,Withdraw,12:31,Monday,10,No,14.33
Mirpur Branch,Loan,13:01,Monday,16,Yes,42.26
Dhanmondi Branch,Loan,12:11,Tuesday,20,No,36.73
Dhanmondi Branch,Deposit,16:24,Thursday,16,No,29.26
Uttara Branch,Withdraw,09:22,Tuesday,4,Yes,10.17
Mirpur Branch,Loan,15:02,Tuesday,7,No,25.75
Mirpur Branch,Deposit,09:09,Sunday,13,Yes,22.92
Motijheel Branch,Withdraw,16:36,Monday,19,No,23.38
Dhanmondi Branch,Withdraw,12:03,Monday,11,No,19.25
Banani Branch,Loan,13:57,Thursday,7,Yes,30.74
Mirpur Branch,Withdraw,10:46,Sunday,2,Yes,7.31
Mirpur Branch,Deposit,11:20,Tuesday,8,No,15.09
Uttara Branch,Withdraw,15:37,Wednesday,13,No,18.37
Dhanmondi Branch,Withdraw,10:43,Tuesday,6,Yes,13.57
Uttara Branch,Withdraw,12:59,Monday,19,No,33.03
Motijheel Branch,Loan,10:30,Tuesday,6,Yes,23.41
Mirpur Branch,Withdraw,14:03,Wednesday,18,Yes,26.89
Dhanmondi Branch,Deposit,14:45,Wednesday,0,Yes,4.23
Uttara Branch,Deposit,16:21,Sunday,5,No,11.08
Banani Branch,Loan,11:35,Thursday,15,No,38.56
Uttara Branch,Deposit,14:43,Tuesday,0,Yes,5.72
Dhanmondi Branch,Withdraw,13:04,Sunday,13,Yes,25.62
Mirpur Branch,Loan,11:13,Tuesday,19,No,36.32
Motijheel Branch,Loan,15:11,Tuesday,5,No,21.25
Motijheel Branch,Deposit,11:41,Wednesday,17,No,26.75
Motijheel Branch,Deposit,15:34,Wednesday,1,No,6.12
Motijheel Branch,Withdraw,16:13,Monday,15,No,21.82
Banani Branch,Loan,16:18,Tuesday,11,No,26.93
Uttara Branch,Deposit,15:13,Monday,14,No,20.84
Dhanmondi Branch,Withdraw,11:46,Monday,14,No,18.83
Dhanmondi Branch,Withdraw,12:22,Wednesday,13,No,22.76
Mirpur Branch,Withdraw,16:41,Wednesday,10,No,14.89
Dhanmondi Branch,Withdraw,12:25,Tuesday,14,No,22.43
Mirpur Branch,Withdraw,14:04,Monday,11,Yes,19.47
Uttara Branch,Withdraw,13:50,Thursday,9,Yes,25.08
Motijheel Branch,Withdraw,12:52,Sunday,9,No,17.78
Dhanmondi Branch,Withdraw,12:49,Wednesday,10,No,16.63
Mirpur Branch,Loan,14:56,Sunday,20,Yes,38.86
Dhanmondi Branch,Loan,10:49,Tuesday,12,Yes,31.28
Motijheel Branch,Deposit,15:11,Sunday,13,No,21.82
Banani Branch,Loan,11:40,Thursday,16,No,40.61
Motijheel Branch,Deposit,09:40,Wednesday,16,Yes,25.44
Banani Branch,Deposit,15:49,Wednesday,12,No,22.33
Mirpur Branch,Deposit,13:26,Tuesday,18,Yes,25.98
Mirpur Branch,Withdraw,11:24,Sunday,11,No,16.44
Dhanmondi Branch,Deposit,10:52,Sunday,11,Yes,19.16
Dhanmondi Branch,Withdraw,12:32,Tuesday,8,No,13.87
Banani Branch,Withdraw,15:29,Tuesday,12,No,18.32
Dhanmondi Branch,Loan,14:50,Wednesday,17,Yes,44.48
Banani Branch,Deposit,11:28,Monday,2,No,7.16
Uttara Branch,Withdraw,09:46,Tuesday,7,Yes,13.23
Dhanmondi Branch,Loan,15:59,Tuesday,13,No,33.38
Uttara Branch,Loan,15:25,Tuesday,2,No,18.6
Uttara Branch,Withdraw,14:38,Sunday,6,Yes,13.84
Mirpur Branch,Deposit,13:00,Thursday,17,Yes,37.43
Banani Branch,Withdraw,14:51,Wednesday,14,Yes,28.64
Banani Branch,Deposit,16:54,Wednesday,19,No,27.31
Motijheel Branch,Deposit,11:56,Wednesday,13,No,19.29
Mirpur Branch,Withdraw,13:19,Monday,3,Yes,9.2
Mirpur Branch,Withdraw,10:39,Tuesday,18,Yes,29.27
Mirpur Branch,Loan,15:14,Monday,7,No,22.96
Banani Branch,Withdraw,10:27,Sunday,20,Yes,30.14
Dhanmondi Branch,Loan,11:13,Sunday,2,No,18.42
Motijheel Branch,Deposit,13:27,Monday,0,Yes,4.3
Motijheel Branch,Deposit,16:39,Wednesday,7,No,11.4
Mirpur Branch,Loan,09:43,Wednesday,20,Yes,45.88
Uttara Branch,Deposit,12:53,Monday,17,No,26.35
Uttara Branch,Loan,12:50,Thursday,8,No,28.01
Uttara Branch,Withdraw,09:44,Sunday,19,Yes,31.48
Mirpur Branch,Withdraw,12:47,Monday,3,No,8.39
Mirpur Branch,Loan,14:03,Wednesday,1,Yes,16.41
Dhanmondi Branch,Withdraw,14:48,Wednesday,12,Yes,24.11
Banani Branch,Loan,15:25,Sunday,15,No,30.26
Mirpur Branch,Deposit,15:53,Tuesday,14,No,25.51
Mirpur Branch,Deposit,12:27,Monday,16,No,22.15
Mirpur Branch,Deposit,10:38,Tuesday,14,Yes,28.58
Banani Branch,Withdraw,13:10,Tuesday,9,Yes,20.14
Uttara Branch,Loan,09:52,Wednesday,13,Yes,34.57
Dhanmondi Branch,Loan,10:21,Monday,11,Yes,31.65
Uttara Branch,Deposit,13:53,Sunday,12,Yes,22.53
Motijheel Branch,Withdraw,11:19,Wednesday,14,No,20.0
Banani Branch,Loan,14:44,Tuesday,3,Yes,19.19
Uttara Branch,Withdraw,13:42,Sunday,5,Yes,9.38
Dhanmondi Branch,Loan,12:49,Thursday,14,No,39.28
Motijheel Branch,Loan,11:22,Wednesday,11,No,28.54
Dhanmondi Branch,Loan,16:54,Wednesday,14,No,36.3
Dhanmondi Branch,Withdraw,13:47,Tuesday,13,Yes,20.87
Motijheel Branch,Deposit,12:09,Wednesday,4,No,9.04
Mirpur Branch,Loan,15:10,Thursday,15,No,37.7
Dhanmondi Branch,Loan,12:58,Thursday,12,No,35.4
Uttara Branch,Withdraw,09:22,Wednesday,2,Yes,7.89
Mirpur Branch,Deposit,16:22,Sunday,20,No,29.38
Banani Branch,Loan,13:02,Wednesday,1,Yes,17.05
Dhanmondi Branch,Withdraw,14:50,Tuesday,8,Yes,14.91
Mirpur Branch,Loan,09:17,Wednesday,1,Yes,15.55
Banani Branch,Withdraw,16:32,Tuesday,9,No,14.62
Dhanmondi Branch,Deposit,12:31,Sunday,17,No,28.79
Dhanmondi Branch,Withdraw,09:23,Monday,15,Yes,25.49
Banani Branch,Loan,15:49,Thursday,19,No,46.94
Banani Branch,Deposit,09:01,Thursday,18,Yes,47.07
Uttara Branch,Loan,14:21,Monday,7,Yes,25.58
Mirpur Branch,Loan,14:39,Monday,9,Yes,30.06
Dhanmondi Branch,Deposit,15:43,Monday,18,No,26.62
Banani Branch,Withdraw,12:38,Sunday,17,No,25.3
Dhanmondi Branch,Loan,12:38,Thursday,11,No,29.99
Dhanmondi Branch,Withdraw,11:36,Sunday,2,No,5.6
Banani Branch,Loan,11:29,Monday,3,No,18.84
Banani Branch,Deposit,14:21,Sunday,2,Yes,7.79
Banani Branch,Deposit,15:21,Thursday,12,No,21.96
Dhanmondi Branch,Deposit,14:42,Tuesday,17,Yes,33.0
Mirpur Branch,Deposit,12:11,Thursday,4,No,10.0
Uttara Branch,Withdraw,15:53,Monday,9,No,16.68
Banani Branch,Loan,14:48,Wednesday,12,Yes,31.95
Motijheel Branch,Loan,15:19,Tuesday,4,No,19.82
Dhanmondi Branch,Loan,15:40,Wednesday,15,No,33.85
Dhanmondi Branch,Loan,11:06,Tuesday,10,No,28.33
Mirpur Branch,Withdraw,10:28,Wednesday,8,Yes,15.51
Banani Branch,Deposit,09:07,Sunday,12,Yes,24.33
Banani Branch,Withdraw,13:02,Tuesday,6,Yes,13.12
Dhanmondi Branch,Loan,12:37,Tuesday,16,No,37.65
Banani Branch,Loan,13:31,Wednesday,0,Yes,14.65
Uttara Branch,Deposit,09:33,Wednesday,6,Yes,11.82
Mirpur Branch,Deposit,09:47,Sunday,6,Yes,14.15
Dhanmondi Branch,Loan,15:39,Monday,5,No,21.58
Uttara Branch,Deposit,09:54,Sunday,10,Yes,17.65
Uttara Branch,Deposit,13:53,Sunday,0,Yes,5.96
Motijheel Branch,Withdraw,14:33,Tuesday,13,Yes,21.46
Mirpur Branch,Loan,10:28,Wednesday,6,Yes,23.36
Banani Branch,Withdraw,13:06,Thursday,1,Yes,5.23
Dhanmondi Branch,Loan,15:03,Tuesday,17,No,35.05
Mirpur Branch,Withdraw,14:40,Tuesday,8,Yes,17.16
Motijheel Branch,Deposit,15:01,Monday,19,No,27.0
Mirpur Branch,Loan,14:47,Sunday,4,Yes,21.34
Uttara Branch,Deposit,09:11,Sunday,1,Yes,5.96
Dhanmondi Branch,Withdraw,14:59,Monday,0,Yes,4.93
Banani Branch,Deposit,12:47,Monday,6,No,13.2
Mirpur Branch,Withdraw,09:42,Tuesday,18,Yes,30.15
Mirpur Branch,Loan,09:26,Thursday,16,Yes,42.95
Motijheel Branch,Withdraw,09:08,Sunday,9,Yes,16.51
Uttara Branch,Deposit,11:32,Thursday,14,No,23.86
Dhanmondi Branch,Loan,13:29,Wednesday,5,Yes,23.05
Banani Branch,Withdraw,13:54,Thursday,4,Yes,12.05
Mirpur Branch,Loan,13:55,Tuesday,7,Yes,26.59
Dhanmondi Branch,Loan,11:42,Thursday,3,No,19.07
Banani Branch,Withdraw,10:39,Wednesday,14,Yes,29.25
Motijheel Branch,Withdraw,10:33,Tuesday,12,Yes,20.76
Dhanmondi Branch,Withdraw,10:47,Tuesday,20,Yes,39.37
Banani Branch,Deposit,15:53,Sunday,10,No,16.42
Motijheel Branch,Deposit,11:09,Sunday,20,No,32.34
Banani Branch,Withdraw,09:19,Monday,20,Yes,32.43
Uttara Branch,Deposit,15:10,Sunday,13,No,21.18
Banani Branch,Loan,11:23,Thursday,11,No,34.53
Dhanmondi Branch,Deposit,15:24,Thursday,4,No,11.58
Uttara Branch,Withdraw,09:05,Tuesday,1,Yes,4.71
Mirpur Branch,Withdraw,13:35,Sunday,9,Yes,18.51
Motijheel Branch,Loan,12:19,Monday,14,No,33.75
Motijheel Branch,Deposit,11:30,Sunday,10,No,18.65
Uttara Branch,Withdraw,11:53,Wednesday,17,No,26.92
Uttara Branch,Deposit,11:59,Thursday,20,No,43.52
Mirpur Branch,Loan,16:12,Monday,2,No,17.66
Uttara Branch,Deposit,14:41,Sunday,14,Yes,27.38
Dhanmondi Branch,Withdraw,13:11,Thursday,18,Yes,38.58
Uttara Branch,Withdraw,15:38,Thursday,9,No,21.2
Motijheel Branch,Withdraw,09:01,Sunday,13,Yes,26.78
Mirpur Branch,Deposit,13:26,Wednesday,10,Yes,22.08
Motijheel Branch,Deposit,10:10,Wednesday,12,Yes,22.47
Mirpur Branch,Withdraw,09:03,Tuesday,1,Yes,4.27
Motijheel Branch,Loan,15:08,Thursday,7,No,27.06
Dhanmondi Branch,Deposit,09:21,Sunday,14,Yes,28.32
Motijheel Branch,Deposit,12:17,Thursday,14,No,27.15
Mirpur Branch,Loan,16:45,Thursday,5,No,23.04
Mirpur Branch,Deposit,10:38,Tuesday,2,Yes,8.6
Dhanmondi Branch,Deposit,09:22,Tuesday,5,Yes,11.3
Banani Branch,Deposit,10:32,Monday,2,Yes,8.3
Dhanmondi Branch,Deposit,09:33,Wednesday,2,Yes,8.01
Banani Branch,Loan,13:14,Tuesday,4,Yes,20.02
Motijheel Branch,Deposit,11:27,Tuesday,20,No,29.08
Uttara Branch,Withdraw,14:38,Monday,13,Yes,22.81
Mirpur Branch,Loan,15:48,Sunday,14,No,36.15
Mirpur Branch,Deposit,16:27,Sunday,17,No,22.83
Mirpur Branch,Withdraw,12:29,Sunday,1,No,4.66
Banani Branch,Deposit,14:20,Thursday,2,Yes,10.6
Motijheel Branch,Loan,14:36,Sunday,2,Yes,18.23
Motijheel Branch,Withdraw,10:26,Tuesday,4,Yes,10.77
Banani Branch,Withdraw,16:16,Wednesday,14,No,18.75
Dhanmondi Branch,Withdraw,16:41,Tuesday,14,No,19.26
Uttara Branch,Withdraw,11:06,Thursday,7,No,13.4
Uttara Branch,Withdraw,10:37,Thursday,20,Yes,50.88
Motijheel Branch,Deposit,10:30,Sunday,16,Yes,25.92
Uttara Branch,Loan,12:01,Tuesday,18,No,41.72
Motijheel Branch,Deposit,14:35,Monday,5,Yes,13.02
Dhanmondi Branch,Loan,10:43,Wednesday,19,Yes,47.14
Banani Branch,Withdraw,15:42,Thursday,13,No,22.84
Mirpur Branch,Loan,13:13,Wednesday,5,Yes,21.0
Banani Branch,Deposit,10:40,Sunday,16,Yes,26.78
Uttara Branch,Withdraw,15:19,Wednesday,13,No,21.86
Banani Branch,Withdraw,11:13,Tuesday,10,No,14.03
Uttara Branch,Withdraw,09:07,Wednesday,12,Yes,18.6
Mirpur Branch,Deposit,16:37,Sunday,14,No,23.94
Uttara Branch,Loan,12:21,Thursday,1,No,16.38
Dhanmondi Branch,Loan,16:04,Tuesday,2,No,16.9
Dhanmondi Branch,Withdraw,11:40,Monday,18,No,29.64
Uttara Branch,Withdraw,14:18,Monday,5,Yes,12.7
Banani Branch,Deposit,14:33,Wednesday,3,Yes,10.37
Banani Branch,Withdraw,16:11,Wednesday,2,No,6.47
Dhanmondi Branch,Loan,10:11,Sunday,5,Yes,22.08
Mirpur Branch,Loan,14:36,Sunday,9,Yes,27.75
Banani Branch,Loan,12:51,Thursday,11,No,29.74
Banani Branch,Loan,10:41,Thursday,15,Yes,44.31
Uttara Branch,Withdraw,11:48,Monday,1,No,4.74
Banani Branch,Loan,14:19,Tuesday,12,Yes,34.21
Uttara Branch,Loan,10:57,Thursday,11,Yes,40.4
Mirpur Branch,Deposit,09:37,Thursday,11,Yes,30.62
Motijheel Branch,Deposit,13:03,Wednesday,20,Yes,32.72
Banani Branch,Loan,15:33,Thursday,13,No,32.4
Mirpur Branch,Loan,09:50,Thursday,15,Yes,38.05
Dhanmondi Branch,Deposit,15:33,Wednesday,2,No,7.99
Motijheel Branch,Deposit,15:22,Tuesday,12,No,19.36
Dhanmondi Branch,Deposit,12:01,Thursday,7,No,16.7
Banani Branch,Withdraw,09:29,Sunday,2,Yes,6.75
Dhanmondi Branch,Loan,14:14,Tuesday,12,Yes,36.52
Dhanmondi Branch,Withdraw,10:08,Wednesday,7,Yes,12.91
Banani Branch,Withdraw,16:55,Monday,13,No,20.26
Motijheel Branch,Deposit,14:12,Sunday,2,Yes,8.16
Banani Branch,Loan,15:59,Tuesday,5,No,20.44
Mirpur Branch,Loan,16:45,Sunday,9,No,26.74
Dhanmondi Branch,Deposit,13:19,Monday,14,Yes,24.84
Motijheel Branch,Withdraw,16:58,Thursday,20,No,36.21
Motijheel Branch,Withdraw,10:04,Tuesday,13,Yes,22.01
Uttara Branch,Withdraw,10:57,Tuesday,19,Yes,31.87
Banani Branch,Deposit,12:06,Monday,9,No,16.59
Motijheel Branch,Withdraw,10:35,Wednesday,4,Yes,10.91
Uttara Branch,Deposit,16:16,Monday,12,No,21.07
Motijheel Branch,Withdraw,12:30,Thursday,12,No,22.69
Uttara Branch,Loan,12:41,Monday,7,No,24.67
Mirpur Branch,Withdraw,14:25,Tuesday,1,Yes,5.08
Motijheel Branch,Loan,09:21,Tuesday,3,Yes,18.58
Motijheel Branch,Withdraw,10:37,Monday,11,Yes,23.52
Banani Branch,Deposit,15:30,Monday,6,No,11.39
Banani Branch,Deposit,16:12,Tuesday,20,No,33.15
Banani Branch,Loan,15:34,Wednesday,7,No,24.9
Dhanmondi Branch,Withdraw,13:22,Monday,13,Yes,21.28
Motijheel Branch,Loan,15:57,Sunday,5,No,20.54
Banani Branch,Withdraw,11:15,Monday,8,No,14.22
Banani Branch,Deposit,14:38,Sunday,17,Yes,34.7
Mirpur Branch,Loan,11:29,Tuesday,0,No,14.0
Motijheel Branch,Loan,11:29,Tuesday,9,No,28.03
Banani Branch,Loan,10:19,Tuesday,4,Yes,22.53
Motijheel Branch,Deposit,10:17,Tuesday,5,Yes,13.54
Banani Branch,Deposit,10:14,Wednesday,13,Yes,25.66
Motijheel Branch,Withdraw,13:10,Wednesday,3,Yes,7.67
Uttara Branch,Loan,13:24,Sunday,6,Yes,25.38
Motijheel Branch,Deposit,16:54,Thursday,3,No,10.69
Banani Branch,Loan,09:26,Tuesday,1,Yes,15.87
Mirpur Branch,Deposit,11:21,Monday,16,No,22.18
Dhanmondi Branch,Withdraw,12:54,Thursday,5,No,11.65
Banani Branch,Withdraw,16:07,Monday,15,No,21.26
Banani Branch,Withdraw,09:21,Wednesday,9,Yes,19.55
Mirpur Branch,Withdraw,15:32,Wednesday,14,No,23.26
Mirpur Branch,Deposit,10:55,Sunday,14,Yes,27.56
Dhanmondi Branch,Deposit,11:48,Thursday,4,No,11.33
Mirpur Branch,Loan,14:00,Tuesday,2,Yes,18.19
Motijheel Branch,Withdraw,15:55,Thursday,10,No,18.87
Mirpur Branch,Loan,10:08,Monday,4,Yes,20.95
Dhanmondi Branch,Withdraw,09:07,Wednesday,17,Yes,27.96
Uttara Branch,Deposit,11:01,Wednesday,13,No,24.49
Uttara Branch,Deposit,14:51,Monday,16,Yes,29.9
Uttara Branch,Loan,13:11,Sunday,13,Yes,36.16
Banani Branch,Withdraw,14:17,Sunday,10,Yes,21.39
Dhanmondi Branch,Deposit,13:07,Thursday,11,Yes,28.14
Motijheel Branch,Deposit,10:59,Thursday,12,Yes,31.64
Dhanmondi Branch,Withdraw,13:49,Sunday,3,Yes,8.86
Banani Branch,Withdraw,12:34,Wednesday,11,No,18.58
Uttara Branch,Deposit,16:52,Tuesday,11,No,20.78
Motijheel Branch,Withdraw,09:44,Monday,1,Yes,5.89
Dhanmondi Branch,Loan,15:13,Thursday,20,No,48.39
Motijheel Branch,Deposit,16:26,Tuesday,16,No,24.24
Uttara Branch,Deposit,12:02,Sunday,13,No,23.02
Mirpur Branch,Withdraw,13:19,Monday,15,Yes,28.72
Dhanmondi Branch,Loan,15:12,Monday,16,No,37.86
Uttara Branch,Withdraw,09:57,Sunday,12,Yes,24.4
Motijheel Branch,Deposit,13:43,Monday,5,Yes,12.63
Banani Branch,Deposit,09:28,Monday,20,Yes,32.51
Uttara Branch,Withdraw,14:09,Tuesday,20,Yes,34.32
Motijheel Branch,Withdraw,14:19,Wednesday,13,Yes,25.0
Dhanmondi Branch,Withdraw,11:33,Tuesday,18,No,27.2
Dhanmondi Branch,Loan,13:54,Sunday,3,Yes,19.49
Mirpur Branch,Deposit,09:34,Sunday,17,Yes,25.87
Dhanmondi Branch,Loan,12:45,Thursday,5,No,23.38
Motijheel Branch,Deposit,11:13,Wednesday,3,No,7.12
Uttara Branch,Deposit,11:27,Sunday,19,No,32.8
Uttara Branch,Withdraw,11:51,Tuesday,14,No,24.52
Motijheel Branch,Loan,11:02,Wednesday,18,No,34.59
Dhanmondi Branch,Withdraw,12:29,Sunday,2,No,6.54
Motijheel Branch,Deposit,12:59,Tuesday,6,No,14.04
Dhanmondi Branch,Deposit,09:41,Monday,10,Yes,17.9
Banani Branch,Loan,12:46,Thursday,13,No,35.22
Uttara Branch,Withdraw,14:22,Wednesday,20,Yes,38.79
Mirpur Branch,Deposit,13:09,Wednesday,15,Yes,25.91
Motijheel Branch,Deposit,16:26,Sunday,0,No,5.82
Uttara Branch,Loan,15:01,Monday,6,No,23.23
Dhanmondi Branch,Withdraw,09:09,Thursday,8,Yes,20.65
Mirpur Branch,Loan,14:58,Wednesday,16,Yes,37.64
Motijheel Branch,Loan,10:15,Monday,1,Yes,15.54
Mirpur Branch,Loan,10:25,Wednesday,13,Yes,37.75
Banani Branch,Loan,11:29,Wednesday,11,No,27.81
Mirpur Branch,Loan,10:31,Monday,18,Yes,45.47
Dhanmondi Branch,Deposit,15:21,Thursday,0,No,5.19
Dhanmondi Branch,Deposit,15:20,Tuesday,1,No,5.62
Banani Branch,Loan,11:18,Thursday,18,No,39.97
Dhanmondi Branch,Loan,16:24,Tuesday,17,No,37.55
Uttara Branch,Deposit,12:22,Sunday,10,No,19.12
Dhanmondi Branch,Deposit,13:04,Tuesday,16,Yes,29.76
Banani Branch,Withdraw,15:56,Monday,2,No,5.81
Banani Branch,Loan,10:59,Sunday,19,Yes,48.98
Mirpur Branch,Deposit,10:50,Thursday,19,Yes,43.46
Dhanmondi Branch,Deposit,14:26,Wednesday,5,Yes,13.09
Uttara Branch,Withdraw,10:23,Sunday,0,Yes,3.31
Uttara Branch,Loan,12:46,Sunday,15,No,31.84
Motijheel Branch,Deposit,13:38,Wednesday,10,Yes,21.54
Motijheel Branch,Deposit,16:10,Monday,13,No,19.24
Uttara Branch,Withdraw,12:51,Sunday,6,No,10.27
Banani Branch,Deposit,14:49,Wednesday,2,Yes,8.1
Dhanmondi Branch,Deposit,16:00,Sunday,13,No,23.29
Mirpur Branch,Withdraw,11:13,Thursday,6,No,13.39
Dhanmondi Branch,Loan,10:06,Wednesday,10,Yes,32.87
Uttara Branch,Withdraw,14:34,Wednesday,0,Yes,3.61
Dhanmondi Branch,Withdraw,15:02,Sunday,10,No,17.21
Motijheel Branch,Withdraw,16:20,Monday,13,No,19.88
Uttara Branch,Loan,12:30,Tuesday,5,No,22.3
Uttara Branch,Withdraw,12:02,Thursday,4,No,10.14
Dhanmondi Branch,Loan,09:39,Wednesday,5,Yes,23.25
Motijheel Branch,Withdraw,16:14,Thursday,4,No,12.23
Motijheel Branch,Deposit,15:37,Wednesday,8,No,12.97
Uttara Branch,Deposit,15:47,Monday,20,No,28.52
Banani Branch,Withdraw,15:22,Wednesday,17,No,29.85
Uttara Branch,Withdraw,14:39,Monday,0,Yes,4.35
Dhanmondi Branch,Loan,10:54,Thursday,5,Yes,24.64
Banani Branch,Deposit,14:32,Tuesday,1,Yes,6.43
Uttara Branch,Deposit,09:14,Wednesday,11,Yes,19.39
Mirpur Branch,Withdraw,09:09,Monday,17,Yes,29.41
Motijheel Branch,Deposit,09:35,Wednesday,4,Yes,11.27
Dhanmondi Branch,Loan,16:10,Sunday,6,No,21.91
Banani Branch,Loan,10:46,Wednesday,14,Yes,34.72
Mirpur Branch,Deposit,16:51,Sunday,5,No,12.12
Banani Branch,Loan,15:10,Monday,10,No,28.64
Motijheel Branch,Deposit,10:08,Wednesday,11,Yes,20.07
Dhanmondi Branch,Withdraw,16:42,Monday,11,No,17.23
Uttara Branch,Loan,11:54,Monday,12,No,30.54
Banani Branch,Deposit,15:37,Wednesday,16,No,23.08
Dhanmondi Branch,Loan,13:38,Thursday,7,Yes,31.87
Motijheel Branch,Deposit,15:08,Wednesday,6,No,13.35
Dhanmondi Branch,Deposit,12:09,Monday,5,No,10.91
Dhanmondi Branch,Withdraw,14:10,Thursday,18,Yes,37.99
Dhanmondi Branch,Withdraw,09:21,Tuesday,14,Yes,24.78
Dhanmondi Branch,Withdraw,11:02,Tuesday,6,No,11.23
Banani Branch,Withdraw,12:54,Sunday,4,No,8.3
Banani Branch,Loan,15:47,Sunday,13,No,29.24
Motijheel Branch,Deposit,11:41,Sunday,3,No,8.82
Motijheel Branch,Deposit,13:21,Thursday,1,Yes,7.18
Dhanmondi Branch,Withdraw,16:01,Tuesday,2,No,6.1
Banani Branch,Withdraw,14:13,Tuesday,5,Yes,13.17
Uttara Branch,Loan,13:40,Sunday,16,Yes,40.36
Dhanmondi Branch,Loan,14:44,Sunday,14,Yes,38.84
Motijheel Branch,Loan,10:18,Tuesday,0,Yes,15.22
Uttara Branch,Withdraw,09:03,Sunday,8,Yes,13.15
Dhanmondi Branch,Withdraw,11:48,Sunday,6,No,11.05
Banani Branch,Loan,14:51,Wednesday,10,Yes,32.07
Mirpur Branch,Deposit,16:30,Monday,14,No,25.82
Uttara Branch,Loan,12:28,Thursday,14,No,35.32
Motijheel Branch,Loan,10:28,Sunday,2,Yes,17.84
Dhanmondi Branch,Deposit,09:16,Sunday,18,Yes,34.62
Dhanmondi Branch,Withdraw,16:18,Monday,2,No,6.66
Banani Branch,Loan,14:28,Tuesday,11,Yes,30.71
Motijheel Branch,Withdraw,09:21,Tuesday,2,Yes,7.19
Dhanmondi Branch,Loan,15:47,Wednesday,7,No,25.46
Banani Branch,Withdraw,16:05,Thursday,11,No,25.25
Mirpur Branch,Withdraw,14:54,Thursday,17,Yes,37.1
Banani Branch,Withdraw,09:55,Wednesday,7,Yes,14.47
Dhanmondi Branch,Withdraw,09:52,Wednesday,20,Yes,31.09
Uttara Branch,Deposit,12:33,Tuesday,6,No,13.49
Motijheel Branch,Deposit,12:33,Sunday,17,No,26.88
Uttara Branch,Loan,15:50,Thursday,16,No,45.53
Motijheel Branch,Deposit,10:15,Wednesday,5,Yes,10.44
Motijheel Branch,Loan,11:40,Thursday,4,No,22.78
Mirpur Branch,Loan,10:52,Wednesday,11,Yes,31.56
Banani Branch,Loan,09:13,Sunday,12,Yes,33.48
Uttara Branch,Deposit,14:50,Wednesday,3,Yes,9.83
Mirpur Branch,Withdraw,16:48,Tuesday,13,No,19.59
Uttara Branch,Loan,13:44,Wednesday,4,Yes,20.49
Dhanmondi Branch,Deposit,12:49,Sunday,12,No,22.52
Dhanmondi Branch,Loan,16:20,Wednesday,3,No,18.27
Mirpur Branch,Withdraw,11:52,Monday,18,No,28.24
Dhanmondi Branch,Loan,13:52,Sunday,13,Yes,31.0
Dhanmondi Branch,Withdraw,14:44,Tuesday,20,Yes,30.92
Banani Branch,Withdraw,12:17,Monday,16,No,25.77
Banani Branch,Deposit,15:12,Tuesday,16,No,25.71
Banani Branch,Deposit,15:58,Monday,13,No,20.4
Motijheel Branch,Loan,10:03,Monday,1,Yes,17.14
Dhanmondi Branch,Loan,09:08,Sunday,12,Yes,31.38
Uttara Branch,Loan,12:30,Monday,14,No,29.23
Banani Branch,Loan,11:07,Tuesday,13,No,34.03
Mirpur Branch,Deposit,10:54,Monday,15,Yes,30.3
Dhanmondi Branch,Deposit,09:13,Wednesday,8,Yes,15.12
Motijheel Branch,Withdraw,12:42,Tuesday,4,No,9.56
Motijheel Branch,Loan,16:15,Wednesday,19,No,41.63
Dhanmondi Branch,Loan,14:48,Tuesday,18,Yes,39.69
Uttara Branch,Deposit,13:32,Wednesday,10,Yes,22.66
Dhanmondi Branch,Withdraw,14:46,Tuesday,19,Yes,36.7
Uttara Branch,Deposit,10:58,Thursday,2,Yes,8.93
Mirpur Branch,Withdraw,13:28,Wednesday,20,Yes,34.38
Dhanmondi Branch,Withdraw,13:02,Sunday,16,Yes,32.96
Uttara Branch,Loan,16:00,Thursday,0,No,15.67
Motijheel Branch,Loan,10:15,Monday,7,Yes,23.58
Motijheel Branch,Withdraw,16:29,Tuesday,5,No,10.98
Uttara Branch,Loan,15:24,Monday,1,No,16.1
Mirpur Branch,Withdraw,13:38,Monday,11,Yes,17.49
Uttara Branch,Deposit,16:04,Tuesday,19,No,33.6
Motijheel Branch,Loan,13:26,Sunday,0,Yes,15.9
Motijheel Branch,Withdraw,11:46,Thursday,3,No,7.4
Uttara Branch,Loan,14:38,Tuesday,0,Yes,15.74
Banani Branch,Loan,12:07,Tuesday,11,No,27.22
Banani Branch,Deposit,13:32,Thursday,1,Yes,6.72
Mirpur Branch,Withdraw,16:16,Wednesday,8,No,16.18
Uttara Branch,Deposit,10:17,Monday,18,Yes,35.44
Uttara Branch,Loan,15:15,Sunday,11,No,29.52
Uttara Branch,Loan,10:38,Thursday,18,Yes,51.35
Banani Branch,Withdraw,15:59,Tuesday,13,No,21.5
Motijheel Branch,Loan,10:47,Wednesday,16,Yes,37.92
Mirpur Branch,Loan,16:25,Wednesday,11,No,27.74
Motijheel Branch,Deposit,16:42,Sunday,12,No,20.69
Mirpur Branch,Loan,16:18,Monday,13,No,30.45
Dhanmondi Branch,Withdraw,11:12,Thursday,9,No,21.72
Banani Branch,Loan,16:54,Monday,15,No,37.76
Mirpur Branch,Withdraw,09:11,Tuesday,16,Yes,32.81
Motijheel Branch,Withdraw,10:26,Monday,20,Yes,29.32
Mirpur Branch,Withdraw,12:03,Tuesday,1,No,4.44
Banani Branch,Deposit,11:34,Tuesday,0,No,5.7
Banani Branch,Loan,11:38,Thursday,0,No,15.84
Uttara Branch,Loan,11:21,Monday,13,No,32.16
Motijheel Branch,Withdraw,11:06,Wednesday,15,No,21.78
Uttara Branch,Withdraw,11:16,Thursday,8,No,17.95
Banani Branch,Withdraw,16:34,Wednesday,6,No,10.2
Uttara Branch,Loan,10:22,Wednesday,7,Yes,26.59
Banani Branch,Withdraw,11:02,Monday,1,No,4.67
Uttara Branch,Deposit,11:04,Tuesday,13,No,22.66
Dhanmondi Branch,Loan,13:51,Monday,13,Yes,31.87
Mirpur Branch,Loan,11:54,Sunday,14,No,35.77
Dhanmondi Branch,Withdraw,09:39,Sunday,6,Yes,12.83
Dhanmondi Branch,Loan,11:37,Wednesday,4,No,19.81
Banani Branch,Deposit,13:34,Sunday,3,Yes,9.19
Motijheel Branch,Loan,12:19,Wednesday,19,No,38.74
Dhanmondi Branch,Deposit,10:38,Wednesday,19,Yes,36.0
Dhanmondi Branch,Loan,09:24,Monday,9,Yes,29.42
Dhanmondi Branch,Loan,10:40,Wednesday,13,Yes,35.68
Mirpur Branch,Deposit,10:03,Sunday,10,Yes,19.45
Motijheel Branch,Deposit,12:05,Tuesday,2,No,8.29
Dhanmondi Branch,Loan,13:47,Thursday,7,Yes,30.09
Motijheel Branch,Withdraw,13:14,Monday,10,Yes,22.73
Motijheel Branch,Deposit,16:26,Thursday,10,No,18.5
Motijheel Branch,Deposit,09:54,Sunday,6,Yes,13.84
Uttara Branch,Withdraw,12:21,Sunday,20,No,27.96
Banani Branch,Deposit,13:29,Sunday,6,Yes,13.1
Mirpur Branch,Withdraw,12:56,Sunday,2,No,7.45
Uttara Branch,Loan,10:48,Monday,16,Yes,35.61
Banani Branch,Loan,10:02,Monday,0,Yes,14.54
Motijheel Branch,Withdraw,09:01,Sunday,3,Yes,9.25
Uttara Branch,Loan,12:22,Wednesday,18,No,35.6
Motijheel Branch,Deposit,14:28,Thursday,10,Yes,27.39
Uttara Branch,Deposit,11:44,Sunday,14,No,22.27
Uttara Branch,Deposit,16:30,Tuesday,19,No,28.35
Banani Branch,Loan,12:08,Thursday,14,No,37.99
Motijheel Branch,Loan,16:09,Wednesday,10,No,29.27
Dhanmondi Branch,Deposit,14:38,Thursday,5,Yes,13.52
Banani Branch,Withdraw,09:39,Sunday,1,Yes,5.89
Uttara Branch,Loan,16:02,Thursday,11,No,33.46
Uttara Branch,Deposit,16:18,Monday,8,No,14.24
Mirpur Branch,Withdraw,11:21,Tuesday,4,No,8.55
Uttara Branch,Withdraw,14:49,Thursday,18,Yes,41.77
Mirpur Branch,Loan,11:37,Thursday,11,No,35.76
Dhanmondi Branch,Withdraw,14:18,Monday,14,Yes,26.77
Dhanmondi Branch,Loan,12:15,Monday,4,No,21.08
Motijheel Branch,Deposit,15:19,Tuesday,12,No,18.44
Dhanmondi Branch,Deposit,11:56,Sunday,2,No,7.01
Uttara Branch,Loan,13:17,Thursday,17,Yes,43.98
Banani Branch,Deposit,13:47,Thursday,9,Yes,23.3
Motijheel Branch,Loan,09:07,Wednesday,18,Yes,39.53
Uttara Branch,Withdraw,14:42,Thursday,14,Yes,29.21
Dhanmondi Branch,Deposit,16:59,Tuesday,11,No,22.16
Uttara Branch,Deposit,11:47,Thursday,7,No,15.61
Banani Branch,Withdraw,16:39,Thursday,4,No,9.27
Dhanmondi Branch,Deposit,16:05,Wednesday,5,No,10.58
Dhanmondi Branch,Withdraw,10:59,Monday,8,Yes,13.67
Motijheel Branch,Deposit,11:26,Thursday,9,No,21.74
Banani Branch,Loan,13:44,Wednesday,6,Yes,25.87
Mirpur Branch,Deposit,16:47,Wednesday,5,No,11.27
Uttara Branch,Deposit,10:25,Sunday,10,Yes,19.52
Motijheel Branch,Loan,11:10,Thursday,16,No,42.47
Dhanmondi Branch,Deposit,16:42,Tuesday,7,No,15.03
Banani Branch,Deposit,12:07,Tuesday,0,No,5.22
Banani Branch,Withdraw,13:05,Wednesday,13,Yes,22.76
Motijheel Branch,Withdraw,10:49,Thursday,1,Yes,5.03
Banani Branch,Withdraw,15:47,Wednesday,16,No,21.18
Banani Branch,Withdraw,13:24,Sunday,7,Yes,15.13
Dhanmondi Branch,Withdraw,15:51,Monday,12,No,17.16
Uttara Branch,Withdraw,15:02,Monday,17,No,24.16
Uttara Branch,Loan,13:12,Tuesday,16,Yes,37.1
Uttara Branch,Withdraw,12:46,Sunday,11,No,14.45
Mirpur Branch,Loan,14:58,Wednesday,12,Yes,31.06
Motijheel Branch,Withdraw,15:06,Tuesday,0,No,4.29
Uttara Branch,Loan,09:35,Sunday,0,Yes,14.88
Dhanmondi Branch,Withdraw,16:07,Tuesday,7,No,12.81
Uttara Branch,Loan,15:18,Sunday,18,No,36.75
Motijheel Branch,Withdraw,15:27,Sunday,7,No,12.55
Uttara Branch,Withdraw,15:30,Monday,18,No,29.23
Uttara Branch,Withdraw,14:25,Monday,6,Yes,13.84
Banani Branch,Deposit,09:59,Wednesday,13,Yes,27.83
Motijheel Branch,Withdraw,09:03,Sunday,11,Yes,20.49
Motijheel Branch,Deposit,11:50,Thursday,17,No,30.96
Banani Branch,Withdraw,12:44,Sunday,10,No,17.49
Uttara Branch,Deposit,13:49,Thursday,15,Yes,29.53
Banani Branch,Withdraw,16:50,Tuesday,20,No,31.18
Banani Branch,Loan,09:24,Monday,16,Yes,40.34
Motijheel Branch,Withdraw,09:55,Sunday,3,Yes,8.19
Uttara Branch,Loan,11:13,Sunday,12,No,31.92
Mirpur Branch,Withdraw,09:31,Wednesday,1,Yes,5.39
Dhanmondi Branch,Loan,09:23,Wednesday,15,Yes,36.06
Banani Branch,Deposit,14:51,Thursday,8,Yes,19.26
Banani Branch,Withdraw,11:05,Thursday,20,No,39.68
Dhanmondi Branch,Deposit,13:57,Monday,17,Yes,26.49
Dhanmondi Branch,Deposit,10:16,Sunday,13,Yes,25.46
Mirpur Branch,Loan,11:07,Tuesday,6,No,23.81
Motijheel Branch,Loan,15:10,Sunday,8,No,26.86
Mirpur Branch,Deposit,14:13,Monday,10,Yes,20.93
Mirpur Branch,Withdraw,10:43,Sunday,2,Yes,6.66
Banani Branch,Deposit,10:45,Wednesday,19,Yes,35.94
Dhanmondi Branch,Loan,09:51,Tuesday,16,Yes,40.93
Dhanmondi Branch,Loan,09:37,Thursday,19,Yes,45.92
Mirpur Branch,Withdraw,10:55,Thursday,15,Yes,38.57
Dhanmondi Branch,Deposit,16:21,Monday,0,No,5.92
Mirpur Branch,Deposit,09:42,Sunday,10,Yes,22.04
Uttara Branch,Deposit,14:47,Tuesday,10,Yes,19.89
Mirpur Branch,Deposit,15:10,Monday,9,No,16.55
Uttara Branch,Loan,10:17,Tuesday,10,Yes,32.9
Uttara Branch,Withdraw,12:23,Wednesday,5,No,10.29
Dhanmondi Branch,Loan,10:51,Tuesday,15,Yes,35.21
Dhanmondi Branch,Withdraw,11:16,Tuesday,8,No,15.15
Banani Branch,Loan,15:22,Wednesday,10,No,25.88
Mirpur Branch,Loan,12:52,Monday,8,No,26.19
Banani Branch,Withdraw,13:44,Tuesday,16,Yes,25.18
Dhanmondi Branch,Loan,09:48,Thursday,7,Yes,27.48
Uttara Branch,Deposit,12:03,Sunday,7,No,15.36
Motijheel Branch,Withdraw,16:19,Thursday,14,No,28.5
Uttara Branch,Loan,09:22,Wednesday,14,Yes,31.18
Banani Branch,Deposit,14:11,Tuesday,11,Yes,23.75
Banani Branch,Withdraw,10:03,Wednesday,10,Yes,20.64
Uttara Branch,Loan,12:49,Sunday,8,No,26.5
Uttara Branch,Deposit,14:29,Monday,8,Yes,14.65
Uttara Branch,Withdraw,14:27,Sunday,7,Yes,14.2
Banani Branch,Withdraw,09:54,Wednesday,10,Yes,22.6
Dhanmondi Branch,Deposit,16:11,Sunday,10,No,15.46
Uttara Branch,Deposit,12:45,Sunday,4,No,11.17
Uttara Branch,Deposit,14:54,Monday,9,Yes,20.22
Motijheel Branch,Deposit,12:01,Thursday,8,No,18.95
Motijheel Branch,Deposit,13:00,Sunday,1,Yes,5.83
Dhanmondi Branch,Loan,12:43,Wednesday,5,No,20.79
Dhanmondi Branch,Deposit,10:47,Thursday,20,Yes,40.78
Dhanmondi Branch,Withdraw,15:57,Monday,7,No,11.53
Banani Branch,Withdraw,16:58,Monday,5,No,10.27
Mirpur Branch,Loan,09:55,Wednesday,5,Yes,22.61
Uttara Branch,Deposit,15:31,Monday,18,No,23.95
Mirpur Branch,Loan,16:55,Wednesday,17,No,39.49
Motijheel Branch,Withdraw,12:18,Monday,13,No,18.78
Dhanmondi Branch,Withdraw,11:50,Monday,17,No,27.62
Mirpur Branch,Loan,14:25,Tuesday,20,Yes,44.32
Motijheel Branch,Loan,09:29,Tuesday,18,Yes,36.53
Mirpur Branch,Loan,10:18,Thursday,20,Yes,49.09
Motijheel Branch,Deposit,16:17,Monday,19,No,29.37
Uttara Branch,Withdraw,09:56,Tuesday,8,Yes,14.83
Uttara Branch,Loan,09:40,Tuesday,7,Yes,26.6
Mirpur Branch,Loan,12:59,Wednesday,2,No,17.97
Mirpur Branch,Deposit,10:05,Monday,1,Yes,6.59
Banani Branch,Loan,13:39,Monday,10,Yes,28.71
Banani Branch,Withdraw,10:39,Sunday,8,Yes,17.41
Motijheel Branch,Deposit,09:53,Wednesday,9,Yes,16.36
Uttara Branch,Withdraw,15:31,Monday,16,No,23.6
Mirpur Branch,Withdraw,12:37,Tuesday,16,No,20.71
Mirpur Branch,Withdraw,10:50,Tuesday,6,Yes,12.04
Uttara Branch,Loan,13:54,Thursday,19,Yes,49.58
Banani Branch,Deposit,09:53,Monday,9,Yes,19.28
Banani Branch,Loan,13:27,Monday,14,Yes,31.81
Dhanmondi Branch,Loan,11:11,Thursday,15,No,42.53
Dhanmondi Branch,Deposit,09:09,Sunday,19,Yes,31.85
Banani Branch,Withdraw,13:43,Monday,19,Yes,30.66
Motijheel Branch,Withdraw,12:37,Monday,14,No,23.14
Uttara Branch,Withdraw,10:18,Thursday,11,Yes,22.74
Dhanmondi Branch,Withdraw,10:38,Thursday,20,Yes,48.5
Banani Branch,Withdraw,11:01,Wednesday,11,No,17.78
Banani Branch,Loan,12:37,Monday,2,No,16.94
Dhanmondi Branch,Loan,14:32,Sunday,12,Yes,29.64
Mirpur Branch,Withdraw,12:19,Sunday,18,No,27.65
Dhanmondi Branch,Deposit,09:58,Sunday,11,Yes,19.43
Mirpur Branch,Loan,10:06,Monday,12,Yes,35.27
Uttara Branch,Loan,12:31,Tuesday,5,No,23.02
Motijheel Branch,Withdraw,15:21,Thursday,5,No,10.24
Uttara Branch,Withdraw,16:30,Thursday,5,No,12.47
Banani Branch,Withdraw,12:54,Wednesday,10,No,14.91
Banani Branch,Loan,15:26,Tuesday,17,No,40.33
Uttara Branch,Deposit,14:21,Tuesday,19,Yes,34.8
Mirpur Branch,Deposit,15:33,Monday,2,No,8.45
Dhanmondi Branch,Withdraw,14:44,Wednesday,9,Yes,17.47
Uttara Branch,Deposit,15:10,Sunday,5,No,11.06
Uttara Branch,Deposit,16:07,Thursday,20,No,38.86
Banani Branch,Deposit,11:27,Wednesday,12,No,21.75
Uttara Branch,Deposit,14:06,Thursday,0,Yes,5.21
Motijheel Branch,Deposit,10:17,Tuesday,17,Yes,26.53
Banani Branch,Loan,16:13,Thursday,14,No,37.39
Motijheel Branch,Withdraw,09:54,Sunday,8,Yes,17.49
Uttara Branch,Loan,10:20,Thursday,17,Yes,49.05
Motijheel Branch,Loan,16:44,Thursday,0,No,14.21
Uttara Branch,Loan,14:10,Monday,10,Yes,30.63
Motijheel Branch,Loan,10:39,Thursday,7,Yes,27.35
Banani Branch,Withdraw,09:50,Sunday,11,Yes,20.65
Banani Branch,Deposit,09:06,Monday,18,Yes,26.06
Mirpur Branch,Deposit,16:30,Wednesday,7,No,15.6
Motijheel Branch,Loan,13:02,Tuesday,10,Yes,30.0
Banani Branch,Loan,15:59,Tuesday,19,No,37.39
Dhanmondi Branch,Loan,15:36,Monday,12,No,30.71
Uttara Branch,Loan,14:59,Monday,17,Yes,40.81
Uttara Branch,Withdraw,12:15,Monday,4,No,9.81
Dhanmondi Branch,Loan,14:42,Wednesday,13,Yes,34.68
Banani Branch,Deposit,11:57,Sunday,10,No,16.44
Dhanmondi Branch,Loan,13:55,Tuesday,4,Yes,21.88
Uttara Branch,Deposit,13:41,Sunday,8,Yes,18.26
Dhanmondi Branch,Loan,12:07,Tuesday,18,No,38.55
Banani Branch,Deposit,12:39,Thursday,6,No,13.61
Banani Branch,Withdraw,10:18,Sunday,9,Yes,20.1
Banani Branch,Deposit,12:44,Sunday,10,No,17.42
Motijheel Branch,Withdraw,16:11,Wednesday,10,No,13.94
Motijheel Branch,Deposit,16:19,Wednesday,17,No,25.49
Mirpur Branch,Loan,14:15,Wednesday,2,Yes,18.23
Banani Branch,Loan,10:09,Tuesday,15,Yes,33.86
Mirpur Branch,Withdraw,09:26,Monday,17,Yes,27.76
Uttara Branch,Withdraw,09:15,Sunday,12,Yes,24.96
Motijheel Branch,Loan,13:54,Monday,20,Yes,41.48
Dhanmondi Branch,Deposit,14:09,Monday,14,Yes,23.83
Uttara Branch,Withdraw,15:57,Thursday,15,No,30.72
Banani Branch,Deposit,13:57,Thursday,15,Yes,37.35
Dhanmondi Branch,Loan,13:09,Monday,12,Yes,33.47
Mirpur Branch,Withdraw,10:56,Thursday,17,Yes,38.05
Banani Branch,Deposit,15:45,Monday,11,No,19.31
Banani Branch,Deposit,11:05,Tuesday,20,No,27.03
Motijheel Branch,Loan,11:25,Tuesday,16,No,39.27
Dhanmondi Branch,Withdraw,12:42,Sunday,15,No,23.26
Mirpur Branch,Withdraw,14:17,Wednesday,19,Yes,35.27
Uttara Branch,Loan,11:34,Tuesday,4,No,18.11
Mirpur Branch,Deposit,11:03,Monday,9,No,17.21
Banani Branch,Deposit,13:51,Sunday,9,Yes,21.56
Banani Branch,Withdraw,10:23,Tuesday,14,Yes,21.22
Uttara Branch,Loan,16:59,Sunday,11,No,29.89
Dhanmondi Branch,Withdraw,11:44,Sunday,7,No,12.18
Dhanmondi Branch,Deposit,12:42,Thursday,2,No,7.4
Banani Branch,Loan,10:29,Sunday,2,Yes,18.04
Motijheel Branch,Loan,12:20,Monday,13,No,28.78
Motijheel Branch,Loan,11:30,Tuesday,0,No,15.93
Mirpur Branch,Deposit,09:14,Wednesday,5,Yes,12.94
Mirpur Branch,Loan,09:16,Thursday,1,Yes,16.24
Uttara Branch,Withdraw,09:04,Wednesday,19,Yes,36.66
Uttara Branch,Withdraw,15:58,Thursday,9,No,21.73
Banani Branch,Withdraw,14:47,Tuesday,4,Yes,9.52
Uttara Branch,Loan,09:06,Wednesday,5,Yes,21.84
Dhanmondi Branch,Withdraw,16:46,Thursday,18,No,28.95
Dhanmondi Branch,Loan,12:55,Monday,7,No,23.57
Mirpur Branch,Deposit,14:58,Thursday,18,Yes,39.42
Banani Branch,Withdraw,14:35,Monday,20,Yes,34.79
Motijheel Branch,Loan,10:29,Monday,13,Yes,31.98
Mirpur Branch,Loan,10:41,Sunday,17,Yes,43.31
Mirpur Branch,Loan,14:47,Thursday,16,Yes,49.06
Mirpur Branch,Withdraw,11:38,Tuesday,10,No,15.56
Mirpur Branch,Loan,09:02,Monday,8,Yes,27.25
Motijheel Branch,Withdraw,14:53,Monday,5,Yes,13.04
Uttara Branch,Loan,09:01,Tuesday,2,Yes,17.35
Banani Branch,Loan,09:02,Monday,3,Yes,21.11
Motijheel Branch,Deposit,15:48,Monday,19,No,26.26
Motijheel Branch,Loan,15:34,Sunday,17,No,32.73
