place_name,day_of_week,arrival_time,season,weather,school_holiday,queue_length_at_entry,wait_time_min
Ahsan Manzil,Wednesday,15:28,Summer,Clear,Yes,48,94.19
National Zoo,Tuesday,12:25,Winter,Clear,No,36,44.27
Cox's Bazar,Friday,13:18,Winter,Clear,No,39,63.42
Lalbagh Fort,Saturday,17:35,Summer,Clear,No,8,11.65
Sajek Valley,Thursday,14:54,Monsoon,Clear,No,13,15.89
Sajek Valley,Wednesday,16:44,Summer,Clear,No,28,23.68
Lalbagh Fort,Tuesday,12:20,Summer,Rainy,Yes,40,61.81
Lalbagh Fort,Thursday,15:02,Summer,Clear,No,19,20.83
Lalbagh Fort,Friday,18:07,Monsoon,Clear,No,30,47.76
National Zoo,Wednesday,13:14,Monsoon,Rainy,Yes,42,52.92
Sajek Valley,Monday,17:52,Summer,Clear,No,47,51.25
Sajek Valley,Thursday,11:53,Monsoon,Clear,Yes,13,26.01
Ahsan Manzil,Sunday,17:37,Winter,Clear,No,43,55.0
Lalbagh Fort,Sunday,08:41,Monsoon,Rainy,Yes,8,15.59
Ahsan Manzil,Tuesday,08:21,Winter,Clear,Yes,30,45.93
Sajek Valley,Tuesday,10:17,Summer,Rainy,No,48,66.26
Sajek Valley,Wednesday,14:15,Monsoon,Clear,No,48,60.96
Cox's Bazar,Tuesday,12:18,Monsoon,Rainy,No,26,31.04
Sajek Valley,Friday,12:37,Summer,Clear,Yes,11,30.61
National Zoo,Friday,10:01,Monsoon,Clear,No,42,57.42
Sajek Valley,Sunday,15:01,Winter,Clear,Yes,40,67.44
National Zoo,Saturday,15:46,Monsoon,Clear,No,4,11.64
Sajek Valley,Sunday,12:32,Summer,Clear,No,30,39.93
Ahsan Manzil,Saturday,17:48,Winter,Clear,Yes,28,77.22
National Zoo,Sunday,12:00,Summer,Rainy,Yes,35,49.05
Ahsan Manzil,Saturday,16:41,Summer,Clear,Yes,28,57.22
Ahsan Manzil,Thursday,17:29,Monsoon,Rainy,Yes,31,55.78
National Zoo,Wednesday,15:15,Summer,Rainy,No,36,50.95
Lalbagh Fort,Wednesday,16:52,Summer,Clear,Yes,14,26.55
Sajek Valley,Wednesday,15:16,Winter,Rainy,No,18,21.03
National Zoo,Monday,15:17,Summer,Rainy,No,28,36.07
Cox's Bazar,Saturday,08:33,Winter,Rainy,No,16,20.48
Ahsan Manzil,Saturday,12:28,Winter,Clear,No,19,33.21
National Zoo,Wednesday,13:01,Monsoon,Rainy,Yes,42,74.13
National Zoo,Wednesday,17:27,Monsoon,Clear,Yes,43,70.7
National Zoo,Tuesday,13:17,Monsoon,Clear,No,43,55.87
Sajek Valley,Saturday,12:41,Monsoon,Clear,Yes,42,84.74
Cox's Bazar,Thursday,08:56,Monsoon,Clear,Yes,11,21.69
National Zoo,Monday,13:54,Summer,Rainy,Yes,12,24.41
National Zoo,Wednesday,16:34,Summer,Rainy,Yes,17,29.61
Cox's Bazar,Monday,09:32,Summer,Clear,Yes,10,14.31
National Zoo,Monday,16:01,Monsoon,Rainy,No,30,30.6
Ahsan Manzil,Friday,17:03,Summer,Rainy,No,22,37.89
Ahsan Manzil,Friday,16:47,Winter,Rainy,No,20,33.93
Ahsan Manzil,Wednesday,14:59,Winter,Rainy,No,25,24.91
Lalbagh Fort,Monday,10:50,Summer,Clear,No,27,35.8
Cox's Bazar,Wednesday,10:53,Winter,Rainy,No,16,22.35
Sajek Valley,Tuesday,11:50,Winter,Rainy,Yes,26,49.69
Sajek Valley,Sunday,18:01,Monsoon,Clear,No,35,43.1
Ahsan Manzil,Tuesday,08:25,Winter,Clear,No,45,42.22
Cox's Bazar,Friday,18:34,Winter,Rainy,No,14,28.07
National Zoo,Wednesday,11:57,Monsoon,Clear,No,21,25.32
Lalbagh Fort,Monday,17:18,Monsoon,Clear,Yes,42,64.08
Lalbagh Fort,Friday,13:36,Summer,Rainy,Yes,11,25.75
Lalbagh Fort,Wednesday,16:52,Summer,Rainy,No,14,14.41
Lalbagh Fort,Wednesday,13:46,Monsoon,Clear,No,23,32.1
Sajek Valley,Friday,17:40,Monsoon,Clear,No,30,50.64
Sajek Valley,Wednesday,12:04,Summer,Rainy,Yes,46,75.35
Sajek Valley,Thursday,11:22,Winter,Clear,Yes,23,39.49
Cox's Bazar,Monday,15:38,Winter,Rainy,Yes,30,38.87
Lalbagh Fort,Wednesday,16:45,Summer,Rainy,Yes,13,26.87
Lalbagh Fort,Tuesday,17:36,Monsoon,Rainy,No,27,32.15
Sajek Valley,Wednesday,08:54,Summer,Clear,No,45,45.87
Sajek Valley,Wednesday,09:00,Monsoon,Clear,Yes,27,41.92
Lalbagh Fort,Friday,12:31,Monsoon,Clear,No,39,64.83
Sajek Valley,Friday,13:37,Winter,Rainy,Yes,28,76.21
National Zoo,Tuesday,17:54,Monsoon,Rainy,No,29,33.25
Lalbagh Fort,Sunday,18:51,Summer,Clear,Yes,44,75.8
Cox's Bazar,Friday,14:11,Summer,Rainy,Yes,9,27.39
Ahsan Manzil,Saturday,18:20,Summer,Clear,Yes,9,18.18
Ahsan Manzil,Sunday,09:17,Winter,Clear,No,0,4.32
Sajek Valley,Thursday,18:24,Summer,Rainy,Yes,4,7.72
National Zoo,Tuesday,09:15,Monsoon,Clear,Yes,21,38.96
Cox's Bazar,Tuesday,16:13,Summer,Clear,Yes,18,28.29
Ahsan Manzil,Saturday,17:47,Summer,Rainy,Yes,29,74.43
Lalbagh Fort,Saturday,13:41,Summer,Clear,No,27,47.35
Sajek Valley,Monday,16:45,Summer,Clear,No,5,8.57
National Zoo,Thursday,17:26,Winter,Clear,No,39,52.03
National Zoo,Wednesday,16:00,Winter,Rainy,No,23,22.48
Lalbagh Fort,Saturday,08:00,Winter,Rainy,No,48,81.13
Sajek Valley,Monday,16:33,Summer,Rainy,No,17,15.73
Lalbagh Fort,Friday,10:42,Winter,Clear,Yes,40,96.76
Cox's Bazar,Friday,10:52,Summer,Clear,No,49,65.18
Ahsan Manzil,Wednesday,17:13,Summer,Clear,Yes,8,10.75
Ahsan Manzil,Wednesday,11:27,Monsoon,Clear,Yes,37,68.63
Sajek Valley,Friday,10:07,Summer,Rainy,No,24,38.66
National Zoo,Monday,12:56,Winter,Clear,Yes,10,22.76
Lalbagh Fort,Wednesday,11:35,Monsoon,Rainy,Yes,23,26.6
Ahsan Manzil,Tuesday,09:39,Summer,Clear,No,32,31.31
Sajek Valley,Friday,09:43,Monsoon,Rainy,No,26,43.62
National Zoo,Tuesday,08:56,Winter,Clear,Yes,18,32.59
Sajek Valley,Sunday,08:23,Summer,Clear,No,13,15.59
National Zoo,Saturday,16:09,Winter,Rainy,Yes,18,42.09
National Zoo,Monday,18:38,Winter,Rainy,No,31,38.91
Lalbagh Fort,Friday,09:28,Winter,Clear,Yes,32,76.54
Cox's Bazar,Tuesday,08:24,Winter,Clear,Yes,8,16.31
Lalbagh Fort,Wednesday,12:11,Winter,Rainy,Yes,10,17.9
National Zoo,Sunday,09:57,Monsoon,Rainy,No,34,42.49
Lalbagh Fort,Tuesday,15:10,Winter,Rainy,Yes,4,9.62
National Zoo,Sunday,09:31,Winter,Clear,No,5,6.93
Lalbagh Fort,Tuesday,13:07,Summer,Clear,No,44,44.7
Ahsan Manzil,Sunday,08:32,Winter,Clear,Yes,30,40.58
National Zoo,Sunday,09:01,Monsoon,Clear,Yes,21,34.52
Lalbagh Fort,Sunday,13:47,Summer,Rainy,No,1,1.15
National Zoo,Saturday,08:04,Summer,Clear,Yes,30,65.03
Sajek Valley,Friday,09:10,Monsoon,Rainy,Yes,45,75.22
Ahsan Manzil,Wednesday,15:09,Monsoon,Rainy,No,16,16.8
National Zoo,Saturday,16:20,Winter,Clear,Yes,31,65.28
National Zoo,Tuesday,14:34,Summer,Clear,No,41,41.42
Cox's Bazar,Friday,11:38,Monsoon,Rainy,No,9,16.29
Lalbagh Fort,Monday,14:22,Monsoon,Clear,Yes,10,19.68
National Zoo,Sunday,16:37,Winter,Clear,Yes,28,38.38
Ahsan Manzil,Sunday,10:32,Summer,Clear,No,18,25.77
Sajek Valley,Saturday,15:13,Winter,Clear,No,13,22.86
Lalbagh Fort,Thursday,11:35,Summer,Clear,Yes,12,17.19
Cox's Bazar,Saturday,10:52,Summer,Clear,No,20,27.29
Cox's Bazar,Thursday,09:13,Summer,Clear,No,0,4.29
Lalbagh Fort,Thursday,12:32,Monsoon,Rainy,Yes,19,28.48
Sajek Valley,Wednesday,14:42,Summer,Clear,Yes,43,77.07
Ahsan Manzil,Monday,15:41,Summer,Clear,No,15,15.7
Cox's Bazar,Friday,08:30,Summer,Rainy,No,2,4.13
National Zoo,Tuesday,18:16,Monsoon,Clear,Yes,3,5.29
National Zoo,Wednesday,15:34,Winter,Clear,No,27,37.64
Cox's Bazar,Sunday,16:41,Summer,Clear,No,21,22.49
Cox's Bazar,Tuesday,08:41,Monsoon,Rainy,Yes,50,85.17
Cox's Bazar,Sunday,14:39,Monsoon,Rainy,No,10,11.45
Sajek Valley,Thursday,17:10,Monsoon,Rainy,No,33,37.04
Ahsan Manzil,Sunday,16:57,Monsoon,Clear,No,42,48.25
Lalbagh Fort,Friday,17:19,Summer,Clear,Yes,46,82.41
Sajek Valley,Saturday,14:49,Summer,Rainy,No,4,10.87
Lalbagh Fort,Tuesday,09:04,Summer,Rainy,Yes,26,34.28
Cox's Bazar,Sunday,10:46,Summer,Clear,No,46,46.46
National Zoo,Thursday,14:58,Winter,Rainy,No,34,38.0
Cox's Bazar,Thursday,17:34,Summer,Clear,Yes,11,19.7
Ahsan Manzil,Wednesday,13:32,Winter,Clear,No,11,16.5
Sajek Valley,Thursday,16:57,Summer,Clear,Yes,15,25.65
Lalbagh Fort,Friday,17:30,Monsoon,Clear,No,10,17.96
Ahsan Manzil,Wednesday,13:19,Summer,Clear,No,40,37.24
Lalbagh Fort,Friday,16:56,Winter,Clear,No,18,29.72
National Zoo,Tuesday,17:32,Summer,Rainy,No,32,42.77
National Zoo,Monday,12:39,Summer,Clear,No,21,22.57
Lalbagh Fort,Saturday,12:03,Summer,Clear,No,14,25.32
National Zoo,Wednesday,10:25,Summer,Clear,Yes,44,59.62
National Zoo,Wednesday,16:46,Summer,Clear,No,9,8.68
Cox's Bazar,Sunday,15:34,Winter,Clear,Yes,4,7.54
Sajek Valley,Thursday,11:32,Summer,Clear,Yes,30,49.91
Lalbagh Fort,Wednesday,18:27,Winter,Clear,No,39,45.46
Cox's Bazar,Sunday,17:57,Summer,Clear,No,42,44.16
Ahsan Manzil,Wednesday,17:07,Winter,Clear,No,10,14.45
Lalbagh Fort,Monday,11:54,Winter,Clear,No,46,47.89
Cox's Bazar,Tuesday,14:17,Winter,Clear,No,20,21.48
Sajek Valley,Wednesday,08:03,Summer,Rainy,Yes,25,46.41
National Zoo,Saturday,11:26,Summer,Clear,Yes,5,18.04
Lalbagh Fort,Saturday,14:15,Summer,Clear,No,15,29.87
Lalbagh Fort,Friday,13:31,Summer,Rainy,Yes,35,91.95
Sajek Valley,Friday,12:23,Summer,Rainy,Yes,1,7.01
Sajek Valley,Friday,09:33,Winter,Rainy,Yes,26,49.12
Ahsan Manzil,Tuesday,12:16,Summer,Clear,No,12,14.98
Ahsan Manzil,Sunday,13:07,Monsoon,Clear,No,35,33.55
Ahsan Manzil,Wednesday,16:02,Summer,Clear,No,34,38.14
National Zoo,Saturday,18:59,Winter,Clear,No,32,40.42
Sajek Valley,Friday,16:23,Winter,Rainy,No,19,34.2
Cox's Bazar,Monday,12:56,Summer,Clear,No,2,3.03
National Zoo,Sunday,11:22,Winter,Clear,No,41,37.44
Ahsan Manzil,Thursday,15:47,Summer,Clear,Yes,20,31.25
National Zoo,Thursday,14:52,Winter,Rainy,No,37,30.23
Lalbagh Fort,Sunday,15:50,Winter,Rainy,Yes,12,23.64
Ahsan Manzil,Saturday,13:43,Monsoon,Clear,No,31,44.99
National Zoo,Thursday,11:06,Summer,Rainy,Yes,1,2.68
Lalbagh Fort,Saturday,09:39,Summer,Clear,No,32,48.15
Sajek Valley,Sunday,08:09,Monsoon,Clear,No,26,31.12
Sajek Valley,Tuesday,09:03,Summer,Rainy,Yes,5,8.49
Ahsan Manzil,Friday,13:56,Monsoon,Clear,No,10,15.93
Sajek Valley,Monday,15:31,Summer,Clear,No,39,38.25
National Zoo,Thursday,12:42,Monsoon,Clear,No,50,55.8
Lalbagh Fort,Monday,13:57,Summer,Clear,No,48,52.55
Ahsan Manzil,Wednesday,13:03,Summer,Clear,No,8,7.49
Sajek Valley,Monday,11:32,Monsoon,Clear,No,1,1.59
Cox's Bazar,Monday,09:31,Monsoon,Rainy,No,1,3.23
National Zoo,Tuesday,18:21,Winter,Clear,Yes,8,17.57
Ahsan Manzil,Wednesday,15:46,Monsoon,Rainy,Yes,37,54.12
Ahsan Manzil,Tuesday,16:59,Winter,Rainy,Yes,10,20.11
Lalbagh Fort,Thursday,08:09,Summer,Clear,Yes,6,14.47
Sajek Valley,Friday,15:16,Winter,Clear,Yes,30,71.54
National Zoo,Thursday,16:13,Summer,Clear,Yes,27,44.16
Lalbagh Fort,Tuesday,08:14,Winter,Clear,Yes,43,62.99
Cox's Bazar,Saturday,17:40,Winter,Clear,No,44,75.1
Sajek Valley,Thursday,10:17,Summer,Clear,Yes,46,74.21
Ahsan Manzil,Tuesday,13:37,Monsoon,Clear,No,40,37.85
Cox's Bazar,Saturday,18:44,Summer,Clear,Yes,3,10.51
National Zoo,Wednesday,14:56,Winter,Rainy,Yes,19,30.14
National Zoo,Tuesday,16:00,Summer,Clear,No,36,36.3
Lalbagh Fort,Tuesday,10:54,Summer,Rainy,No,43,45.4
Sajek Valley,Sunday,17:39,Monsoon,Rainy,Yes,20,23.85
Ahsan Manzil,Tuesday,11:20,Summer,Clear,No,28,32.04
National Zoo,Thursday,10:07,Monsoon,Clear,No,16,18.82
Lalbagh Fort,Sunday,14:43,Summer,Rainy,Yes,23,38.12
Ahsan Manzil,Sunday,18:39,Summer,Rainy,No,29,38.42
Cox's Bazar,Tuesday,10:41,Winter,Rainy,No,12,15.97
National Zoo,Saturday,13:48,Monsoon,Clear,No,26,38.11
Lalbagh Fort,Tuesday,17:47,Summer,Clear,No,13,17.24
Lalbagh Fort,Friday,12:22,Winter,Clear,No,38,57.69
Lalbagh Fort,Thursday,18:39,Monsoon,Clear,No,47,62.65
Cox's Bazar,Wednesday,13:30,Summer,Clear,No,49,58.39
Ahsan Manzil,Friday,18:45,Monsoon,Rainy,Yes,17,35.65
Ahsan Manzil,Monday,09:06,Monsoon,Rainy,No,0,1.46
National Zoo,Friday,18:09,Monsoon,Clear,Yes,33,70.45
Lalbagh Fort,Friday,11:44,Monsoon,Rainy,No,44,51.63
National Zoo,Friday,15:07,Summer,Clear,Yes,9,26.28
Ahsan Manzil,Saturday,13:40,Monsoon,Rainy,Yes,34,60.89
Sajek Valley,Monday,15:50,Summer,Clear,Yes,45,60.63
Sajek Valley,Tuesday,08:07,Summer,Clear,Yes,41,82.29
National Zoo,Friday,16:02,Winter,Clear,Yes,39,97.19
Sajek Valley,Sunday,12:02,Summer,Clear,No,10,14.84
Ahsan Manzil,Monday,09:04,Winter,Clear,No,1,2.03
Cox's Bazar,Sunday,11:53,Summer,Clear,No,31,37.03
Cox's Bazar,Sunday,11:32,Winter,Clear,No,21,20.21
Sajek Valley,Tuesday,18:21,Summer,Clear,Yes,18,25.12
Cox's Bazar,Monday,11:11,Winter,Clear,Yes,31,40.69
Ahsan Manzil,Sunday,08:37,Summer,Rainy,Yes,43,79.81
Ahsan Manzil,Monday,09:20,Summer,Clear,Yes,30,58.53
Ahsan Manzil,Saturday,17:36,Monsoon,Clear,No,5,9.81
National Zoo,Friday,11:03,Summer,Clear,No,1,5.59
Sajek Valley,Wednesday,12:09,Winter,Clear,No,48,42.47
Ahsan Manzil,Friday,08:16,Monsoon,Clear,No,5,11.85
National Zoo,Thursday,11:12,Winter,Clear,No,37,35.59
National Zoo,Saturday,16:00,Winter,Rainy,No,38,62.8
National Zoo,Saturday,10:49,Summer,Clear,No,28,37.48
Cox's Bazar,Wednesday,17:16,Summer,Clear,No,18,19.85
Ahsan Manzil,Saturday,08:27,Summer,Rainy,Yes,11,29.72
Lalbagh Fort,Tuesday,18:14,Monsoon,Clear,No,50,64.63
Cox's Bazar,Wednesday,14:11,Summer,Clear,Yes,11,20.33
Sajek Valley,Tuesday,12:30,Winter,Clear,No,48,49.28
Lalbagh Fort,Thursday,18:02,Summer,Clear,No,8,14.75
Lalbagh Fort,Sunday,08:10,Summer,Rainy,No,40,53.72
Ahsan Manzil,Thursday,17:14,Monsoon,Clear,No,27,25.98
National Zoo,Thursday,16:52,Summer,Rainy,No,20,26.11
Sajek Valley,Wednesday,14:57,Monsoon,Clear,No,42,49.85
Ahsan Manzil,Sunday,16:08,Summer,Clear,Yes,42,78.12
Ahsan Manzil,Sunday,11:19,Winter,Clear,Yes,25,41.35
National Zoo,Tuesday,09:21,Summer,Clear,Yes,16,27.16
Sajek Valley,Friday,15:20,Summer,Rainy,No,12,19.86
National Zoo,Sunday,10:21,Summer,Rainy,No,32,34.8
Lalbagh Fort,Thursday,14:34,Monsoon,Clear,No,18,17.05
National Zoo,Sunday,08:24,Winter,Rainy,Yes,39,54.97
Lalbagh Fort,Monday,12:05,Monsoon,Rainy,Yes,0,0.29
Cox's Bazar,Friday,16:13,Summer,Clear,No,48,77.64
Cox's Bazar,Wednesday,12:28,Winter,Clear,No,39,51.18
National Zoo,Monday,17:05,Summer,Rainy,Yes,30,44.7
Cox's Bazar,Friday,15:00,Summer,Clear,Yes,44,95.1
National Zoo,Saturday,08:25,Summer,Rainy,No,45,78.08
Cox's Bazar,Monday,12:22,Monsoon,Rainy,No,24,23.92
Ahsan Manzil,Saturday,16:19,Summer,Clear,Yes,23,46.17
National Zoo,Wednesday,13:56,Winter,Clear,No,31,36.71
Lalbagh Fort,Sunday,09:55,Monsoon,Clear,No,8,9.36
Sajek Valley,Tuesday,15:55,Summer,Rainy,No,23,25.11
Cox's Bazar,Saturday,17:21,Winter,Rainy,No,39,64.56
Sajek Valley,Wednesday,16:49,Monsoon,Clear,Yes,27,36.9
Lalbagh Fort,Saturday,17:33,Winter,Rainy,No,23,29.4
Lalbagh Fort,Saturday,12:17,Monsoon,Clear,Yes,45,106.96
Sajek Valley,Monday,18:45,Winter,Clear,No,20,26.82
Cox's Bazar,Sunday,18:41,Winter,Clear,No,19,26.76
Ahsan Manzil,Sunday,17:15,Winter,Clear,No,20,24.75
Sajek Valley,Wednesday,12:10,Summer,Clear,No,16,16.45
National Zoo,Monday,16:08,Monsoon,Clear,No,12,15.97
Lalbagh Fort,Tuesday,14:58,Monsoon,Clear,Yes,26,40.73
Lalbagh Fort,Saturday,08:13,Monsoon,Clear,No,21,28.01
Cox's Bazar,Thursday,15:19,Monsoon,Rainy,Yes,34,57.88
Lalbagh Fort,Friday,09:45,Monsoon,Clear,Yes,43,102.45
Cox's Bazar,Friday,14:04,Winter,Clear,Yes,26,51.55
Sajek Valley,Wednesday,16:28,Summer,Clear,Yes,14,24.17
Cox's Bazar,Friday,13:57,Monsoon,Clear,No,36,49.07
Ahsan Manzil,Thursday,12:06,Summer,Clear,No,27,22.59
National Zoo,Thursday,09:43,Winter,Clear,Yes,37,64.73
Lalbagh Fort,Wednesday,10:20,Monsoon,Clear,Yes,15,24.78
Lalbagh Fort,Wednesday,09:57,Summer,Clear,Yes,12,21.45
Lalbagh Fort,Monday,16:04,Summer,Clear,No,37,49.37
Cox's Bazar,Wednesday,12:17,Summer,Clear,Yes,16,25.85
National Zoo,Wednesday,16:41,Winter,Clear,Yes,33,53.89
Ahsan Manzil,Monday,18:00,Monsoon,Clear,No,20,19.59
Sajek Valley,Friday,09:36,Summer,Rainy,No,15,31.31
Sajek Valley,Monday,09:35,Summer,Clear,No,2,6.04
Ahsan Manzil,Tuesday,12:43,Winter,Clear,Yes,47,69.09
Lalbagh Fort,Friday,15:10,Summer,Clear,No,2,7.04
Sajek Valley,Saturday,16:36,Monsoon,Clear,Yes,35,78.03
Ahsan Manzil,Thursday,10:58,Winter,Clear,No,44,45.69
Ahsan Manzil,Saturday,16:57,Winter,Clear,No,28,45.64
Lalbagh Fort,Thursday,09:31,Summer,Rainy,No,50,47.53
Sajek Valley,Sunday,18:48,Summer,Clear,No,32,42.39
Sajek Valley,Sunday,10:35,Summer,Clear,No,36,35.75
Sajek Valley,Monday,18:44,Summer,Clear,Yes,4,7.43
Ahsan Manzil,Wednesday,14:48,Summer,Clear,No,1,3.79
Cox's Bazar,Thursday,15:20,Monsoon,Clear,No,47,52.7
Cox's Bazar,Monday,14:53,Winter,Rainy,Yes,17,30.65
Ahsan Manzil,Thursday,16:49,Summer,Rainy,Yes,31,48.39
Cox's Bazar,Wednesday,08:39,Summer,Rainy,Yes,27,44.55
Cox's Bazar,Tuesday,17:47,Summer,Rainy,Yes,28,51.3
Sajek Valley,Wednesday,15:31,Summer,Clear,No,21,27.48
National Zoo,Wednesday,14:58,Summer,Clear,No,21,24.55
Cox's Bazar,Wednesday,17:03,Summer,Rainy,No,16,22.65
Sajek Valley,Monday,13:32,Summer,Clear,No,36,39.68
Lalbagh Fort,Saturday,09:35,Winter,Rainy,Yes,22,55.75
Sajek Valley,Friday,17:04,Monsoon,Clear,No,40,52.39
Lalbagh Fort,Saturday,18:44,Monsoon,Rainy,No,45,58.05
Cox's Bazar,Tuesday,08:20,Winter,Clear,No,43,48.1
National Zoo,Wednesday,15:11,Monsoon,Clear,No,39,38.56
Cox's Bazar,Friday,16:01,Summer,Clear,No,33,42.42
Cox's Bazar,Thursday,14:32,Summer,Clear,Yes,33,59.82
Ahsan Manzil,Saturday,09:18,Winter,Clear,Yes,43,92.07
Lalbagh Fort,Friday,17:45,Winter,Rainy,No,4,8.8
Sajek Valley,Thursday,10:19,Winter,Clear,No,16,17.4
Cox's Bazar,Wednesday,10:39,Summer,Rainy,No,34,36.49
Ahsan Manzil,Saturday,09:35,Summer,Rainy,No,34,42.27
Ahsan Manzil,Friday,09:43,Summer,Clear,Yes,12,29.9
National Zoo,Saturday,10:31,Monsoon,Clear,No,29,44.81
National Zoo,Wednesday,18:36,Winter,Rainy,No,30,33.38
Lalbagh Fort,Monday,18:19,Summer,Rainy,Yes,49,98.2
Cox's Bazar,Wednesday,13:16,Monsoon,Rainy,No,32,35.41
Sajek Valley,Friday,17:40,Monsoon,Clear,Yes,26,65.82
Sajek Valley,Monday,09:22,Winter,Rainy,No,7,8.3
Sajek Valley,Friday,08:07,Winter,Rainy,Yes,26,49.53
Cox's Bazar,Sunday,12:44,Summer,Clear,Yes,5,8.27
Sajek Valley,Friday,09:38,Monsoon,Clear,Yes,12,28.98
Cox's Bazar,Tuesday,09:55,Monsoon,Clear,Yes,28,46.67
Sajek Valley,Thursday,11:57,Monsoon,Clear,No,17,25.58
Sajek Valley,Saturday,15:09,Monsoon,Rainy,Yes,5,13.24
Ahsan Manzil,Tuesday,13:43,Summer,Rainy,No,50,47.22
National Zoo,Saturday,16:12,Winter,Rainy,No,1,4.68
Lalbagh Fort,Friday,14:41,Summer,Clear,No,41,55.04
Cox's Bazar,Saturday,16:16,Monsoon,Clear,Yes,3,8.6
National Zoo,Sunday,15:13,Winter,Clear,No,8,10.75
Sajek Valley,Monday,10:10,Winter,Clear,No,6,9.02
Ahsan Manzil,Tuesday,14:31,Summer,Clear,No,12,17.01
Sajek Valley,Tuesday,08:03,Summer,Rainy,Yes,50,100.78
Sajek Valley,Wednesday,14:19,Summer,Clear,No,38,44.76
Ahsan Manzil,Tuesday,13:35,Summer,Clear,Yes,24,44.84
Lalbagh Fort,Friday,11:28,Monsoon,Clear,No,50,84.55
Cox's Bazar,Saturday,13:52,Summer,Clear,No,13,20.28
Lalbagh Fort,Tuesday,16:42,Winter,Clear,No,37,41.02
Lalbagh Fort,Saturday,08:13,Summer,Clear,Yes,49,110.11
Cox's Bazar,Wednesday,10:53,Winter,Clear,No,16,20.41
Ahsan Manzil,Thursday,08:27,Summer,Clear,Yes,39,80.21
Lalbagh Fort,Sunday,17:31,Summer,Rainy,Yes,6,13.99
National Zoo,Sunday,08:11,Winter,Clear,No,28,34.72
Lalbagh Fort,Monday,10:08,Monsoon,Rainy,No,40,46.51
Lalbagh Fort,Saturday,10:37,Monsoon,Clear,Yes,4,12.96
Ahsan Manzil,Monday,14:50,Summer,Clear,Yes,50,75.39
Sajek Valley,Thursday,14:34,Summer,Rainy,No,2,5.01
Ahsan Manzil,Thursday,17:14,Summer,Clear,No,21,25.16
National Zoo,Sunday,16:25,Summer,Rainy,No,19,20.74
Cox's Bazar,Saturday,09:00,Monsoon,Clear,No,31,44.22
Sajek Valley,Friday,13:36,Winter,Clear,No,26,40.46
Sajek Valley,Wednesday,15:03,Winter,Clear,No,30,35.96
Lalbagh Fort,Thursday,10:10,Winter,Clear,No,2,6.4
Ahsan Manzil,Wednesday,14:58,Summer,Rainy,No,9,11.02
Sajek Valley,Thursday,09:32,Winter,Clear,No,11,16.72
Lalbagh Fort,Thursday,08:27,Monsoon,Clear,No,50,65.29
Cox's Bazar,Thursday,18:51,Summer,Rainy,No,48,49.64
Cox's Bazar,Monday,15:02,Monsoon,Clear,No,37,38.74
Sajek Valley,Saturday,11:45,Summer,Clear,Yes,33,89.38
Sajek Valley,Tuesday,14:48,Winter,Clear,No,8,10.4
Lalbagh Fort,Saturday,08:08,Monsoon,Rainy,No,50,77.88
National Zoo,Monday,15:28,Winter,Clear,Yes,29,51.02
Cox's Bazar,Friday,14:01,Winter,Rainy,Yes,22,42.95
National Zoo,Friday,18:00,Winter,Rainy,Yes,37,86.71
Sajek Valley,Friday,17:15,Monsoon,Clear,Yes,50,109.9
Ahsan Manzil,Tuesday,15:58,Winter,Clear,Yes,15,23.71
Sajek Valley,Sunday,11:13,Monsoon,Clear,Yes,11,22.46
Ahsan Manzil,Sunday,09:28,Winter,Clear,Yes,15,26.3
Sajek Valley,Monday,10:08,Summer,Clear,No,47,60.42
Ahsan Manzil,Thursday,17:12,Summer,Clear,No,50,68.72
Ahsan Manzil,Friday,08:47,Winter,Clear,No,33,42.35
National Zoo,Saturday,14:36,Monsoon,Rainy,Yes,29,52.62
Sajek Valley,Friday,12:51,Summer,Clear,Yes,26,58.16
Cox's Bazar,Saturday,10:58,Monsoon,Clear,No,9,15.65
Sajek Valley,Tuesday,15:14,Summer,Rainy,No,15,20.19
Lalbagh Fort,Monday,16:55,Summer,Clear,No,5,10.27
Sajek Valley,Saturday,17:19,Monsoon,Rainy,Yes,38,89.97
Cox's Bazar,Friday,14:55,Winter,Clear,No,38,55.65
Lalbagh Fort,Thursday,09:42,Winter,Clear,No,41,38.15
Sajek Valley,Wednesday,14:03,Winter,Clear,No,43,39.69
Sajek Valley,Monday,09:44,Summer,Rainy,No,3,3.96
Sajek Valley,Thursday,16:47,Monsoon,Clear,Yes,44,62.21
National Zoo,Monday,11:56,Monsoon,Rainy,Yes,42,66.33
Sajek Valley,Friday,17:21,Summer,Rainy,No,45,54.58
Sajek Valley,Wednesday,08:39,Summer,Clear,No,30,31.61
Sajek Valley,Wednesday,17:16,Monsoon,Clear,Yes,17,31.3
Sajek Valley,Tuesday,18:59,Summer,Clear,No,14,15.21
Ahsan Manzil,Tuesday,11:09,Winter,Rainy,No,30,31.0
Ahsan Manzil,Thursday,18:34,Summer,Clear,No,42,39.06
Lalbagh Fort,Saturday,13:35,Summer,Clear,Yes,10,23.07
Cox's Bazar,Sunday,12:37,Monsoon,Clear,Yes,12,19.91
Cox's Bazar,Tuesday,15:58,Summer,Clear,No,10,13.31
Cox's Bazar,Tuesday,16:37,Winter,Clear,Yes,45,82.68
Lalbagh Fort,Saturday,13:22,Monsoon,Clear,No,14,18.93
Lalbagh Fort,Monday,10:18,Summer,Clear,Yes,14,17.61
Ahsan Manzil,Friday,10:47,Winter,Clear,No,19,31.18
Sajek Valley,Wednesday,09:05,Summer,Clear,Yes,18,29.95
National Zoo,Tuesday,08:52,Summer,Clear,No,23,26.27
Ahsan Manzil,Tuesday,09:07,Winter,Clear,Yes,27,51.34
Ahsan Manzil,Friday,11:12,Monsoon,Clear,No,14,25.08
National Zoo,Tuesday,16:43,Summer,Clear,Yes,5,10.42
Sajek Valley,Friday,15:54,Winter,Rainy,Yes,30,63.75
National Zoo,Monday,10:20,Summer,Clear,Yes,36,61.1
Lalbagh Fort,Tuesday,17:31,Summer,Rainy,No,33,28.64
Cox's Bazar,Wednesday,13:21,Winter,Rainy,No,40,38.3
National Zoo,Thursday,11:57,Monsoon,Clear,No,11,14.95
Ahsan Manzil,Wednesday,12:28,Winter,Clear,Yes,19,34.19
Sajek Valley,Thursday,18:22,Monsoon,Clear,No,19,26.14
Sajek Valley,Saturday,13:33,Winter,Rainy,No,8,14.37
National Zoo,Saturday,09:34,Summer,Clear,Yes,22,45.3
Lalbagh Fort,Wednesday,08:47,Winter,Clear,No,0,4.18
Ahsan Manzil,Friday,14:22,Winter,Rainy,Yes,13,26.28
Sajek Valley,Saturday,16:16,Summer,Clear,No,44,56.71
Lalbagh Fort,Tuesday,09:25,Winter,Clear,Yes,15,31.61
Lalbagh Fort,Sunday,18:58,Winter,Clear,Yes,6,13.02
Cox's Bazar,Friday,18:23,Monsoon,Rainy,Yes,7,15.65
Sajek Valley,Friday,10:23,Winter,Clear,No,16,30.73
Lalbagh Fort,Tuesday,09:44,Winter,Rainy,No,37,51.68
Sajek Valley,Thursday,17:43,Summer,Rainy,No,12,10.8
Ahsan Manzil,Monday,13:30,Summer,Clear,Yes,29,43.59
Lalbagh Fort,Monday,18:02,Summer,Clear,No,32,33.11
Cox's Bazar,Tuesday,17:12,Monsoon,Clear,No,20,27.1
Lalbagh Fort,Monday,15:32,Monsoon,Rainy,No,10,11.16
Cox's Bazar,Thursday,16:18,Monsoon,Clear,No,11,12.55
Sajek Valley,Tuesday,14:16,Monsoon,Clear,No,32,34.58
Ahsan Manzil,Monday,11:57,Monsoon,Clear,No,39,40.89
Lalbagh Fort,Saturday,09:20,Winter,Clear,No,20,25.84
National Zoo,Wednesday,18:58,Winter,Clear,No,24,23.43
Ahsan Manzil,Wednesday,16:13,Winter,Clear,Yes,0,0.62
Ahsan Manzil,Thursday,14:44,Monsoon,Clear,No,24,23.56
National Zoo,Wednesday,18:59,Monsoon,Clear,No,17,21.65
Cox's Bazar,Sunday,10:05,Monsoon,Clear,No,9,9.41
Cox's Bazar,Thursday,09:54,Monsoon,Clear,No,36,35.31
Cox's Bazar,Thursday,12:57,Winter,Clear,Yes,13,20.24
National Zoo,Monday,08:36,Summer,Clear,No,6,6.99
Sajek Valley,Tuesday,18:48,Summer,Clear,No,36,32.71
Ahsan Manzil,Thursday,14:01,Monsoon,Clear,No,27,35.1
Lalbagh Fort,Friday,18:34,Monsoon,Clear,Yes,5,10.63
Sajek Valley,Thursday,15:46,Summer,Clear,No,33,32.8
Sajek Valley,Saturday,18:40,Monsoon,Clear,Yes,33,78.16
Ahsan Manzil,Thursday,08:47,Winter,Clear,No,32,37.26
Lalbagh Fort,Monday,13:58,Monsoon,Rainy,Yes,17,24.73
National Zoo,Sunday,17:36,Winter,Rainy,No,39,48.58
Cox's Bazar,Tuesday,17:24,Summer,Clear,No,28,28.93
Lalbagh Fort,Sunday,09:10,Summer,Rainy,Yes,2,7.62
National Zoo,Friday,10:46,Monsoon,Rainy,Yes,10,20.27
Ahsan Manzil,Tuesday,16:39,Summer,Clear,No,9,9.9
National Zoo,Tuesday,14:41,Winter,Clear,No,47,43.77
Cox's Bazar,Saturday,09:16,Summer,Rainy,Yes,17,38.77
Lalbagh Fort,Sunday,13:36,Summer,Clear,No,29,38.28
Ahsan Manzil,Saturday,17:37,Winter,Clear,Yes,1,2.58
Sajek Valley,Thursday,09:42,Summer,Clear,Yes,13,21.73
Lalbagh Fort,Tuesday,13:40,Winter,Rainy,No,33,43.08
Sajek Valley,Sunday,11:07,Summer,Clear,No,48,42.7
Sajek Valley,Friday,10:50,Winter,Rainy,Yes,22,50.67
Cox's Bazar,Monday,15:23,Summer,Clear,Yes,8,11.11
Ahsan Manzil,Saturday,15:37,Monsoon,Clear,No,5,10.53
Sajek Valley,Saturday,12:12,Winter,Rainy,No,32,39.2
Sajek Valley,Friday,17:22,Summer,Clear,No,37,65.59
Ahsan Manzil,Monday,09:34,Winter,Clear,No,42,43.84
Cox's Bazar,Friday,09:05,Winter,Clear,No,46,66.64
Cox's Bazar,Monday,14:18,Winter,Rainy,Yes,14,25.0
Lalbagh Fort,Tuesday,11:06,Winter,Clear,Yes,50,90.76
Lalbagh Fort,Monday,12:46,Monsoon,Clear,Yes,2,7.9
Cox's Bazar,Wednesday,10:58,Winter,Clear,No,8,12.68
National Zoo,Wednesday,18:42,Winter,Rainy,Yes,46,73.47
National Zoo,Friday,15:17,Summer,Rainy,No,37,67.44
National Zoo,Sunday,13:55,Monsoon,Clear,No,20,29.21
Lalbagh Fort,Friday,13:49,Monsoon,Clear,Yes,40,90.74
Lalbagh Fort,Wednesday,09:34,Winter,Clear,Yes,13,19.53
Cox's Bazar,Thursday,13:18,Monsoon,Clear,No,23,28.88
Ahsan Manzil,Friday,18:05,Winter,Rainy,No,12,18.78
Cox's Bazar,Monday,13:20,Monsoon,Clear,No,13,20.9
Lalbagh Fort,Sunday,18:53,Summer,Clear,Yes,3,8.28
Sajek Valley,Monday,12:51,Winter,Clear,No,35,30.46
Cox's Bazar,Saturday,08:57,Winter,Clear,Yes,7,19.81
Ahsan Manzil,Tuesday,14:12,Monsoon,Clear,Yes,34,51.98
Lalbagh Fort,Monday,08:42,Monsoon,Clear,Yes,27,45.6
Sajek Valley,Friday,15:50,Winter,Clear,Yes,21,61.65
Sajek Valley,Friday,08:26,Summer,Clear,Yes,6,14.17
Lalbagh Fort,Friday,12:44,Summer,Clear,No,43,50.43
Cox's Bazar,Saturday,09:15,Summer,Clear,No,12,20.0
Ahsan Manzil,Thursday,17:03,Summer,Clear,Yes,19,26.54
Ahsan Manzil,Saturday,15:44,Summer,Clear,Yes,10,27.24
Lalbagh Fort,Sunday,09:15,Summer,Clear,Yes,18,26.04
Lalbagh Fort,Saturday,09:04,Monsoon,Clear,No,15,25.66
Cox's Bazar,Friday,14:38,Monsoon,Clear,Yes,3,10.91
Cox's Bazar,Wednesday,08:10,Summer,Clear,No,18,21.29
National Zoo,Wednesday,12:41,Winter,Clear,No,6,9.02
National Zoo,Friday,18:01,Monsoon,Clear,No,2,3.6
Sajek Valley,Saturday,11:46,Summer,Clear,No,14,20.97
National Zoo,Tuesday,17:24,Summer,Rainy,Yes,34,70.26
Ahsan Manzil,Monday,13:54,Summer,Clear,No,33,44.21
Sajek Valley,Friday,18:06,Summer,Clear,Yes,18,49.39
Ahsan Manzil,Wednesday,15:34,Summer,Rainy,Yes,25,30.88
Ahsan Manzil,Tuesday,17:31,Summer,Clear,No,32,36.29
National Zoo,Sunday,12:27,Winter,Clear,Yes,49,74.27
Cox's Bazar,Sunday,16:51,Winter,Clear,No,45,51.38
National Zoo,Saturday,13:10,Summer,Clear,No,12,16.34
National Zoo,Wednesday,14:17,Summer,Clear,No,23,30.35
Ahsan Manzil,Friday,09:04,Winter,Clear,No,27,33.55
Sajek Valley,Friday,17:20,Monsoon,Clear,No,38,43.43
Ahsan Manzil,Wednesday,10:05,Winter,Clear,No,33,31.44
Cox's Bazar,Monday,18:06,Summer,Clear,Yes,49,63.31
Lalbagh Fort,Wednesday,15:09,Summer,Clear,No,18,19.47
Sajek Valley,Monday,18:35,Summer,Clear,Yes,8,17.68
Ahsan Manzil,Saturday,16:47,Monsoon,Rainy,No,16,19.62
National Zoo,Monday,11:31,Monsoon,Clear,Yes,45,87.71
Cox's Bazar,Friday,17:02,Summer,Clear,No,41,48.26
National Zoo,Friday,09:11,Winter,Clear,No,39,69.11
Ahsan Manzil,Friday,13:01,Summer,Rainy,No,18,32.55
Ahsan Manzil,Wednesday,17:58,Winter,Rainy,Yes,34,68.94
Ahsan Manzil,Monday,17:31,Winter,Clear,No,18,24.01
Cox's Bazar,Friday,08:40,Summer,Clear,No,36,59.93
Sajek Valley,Monday,11:29,Monsoon,Clear,No,40,36.87
Ahsan Manzil,Monday,11:45,Winter,Clear,No,16,22.05
Lalbagh Fort,Sunday,13:08,Monsoon,Clear,No,27,34.56
Cox's Bazar,Tuesday,08:38,Summer,Clear,No,28,27.68
Lalbagh Fort,Tuesday,15:01,Monsoon,Clear,No,35,31.16
National Zoo,Friday,18:16,Summer,Clear,No,46,57.33
Lalbagh Fort,Wednesday,17:27,Summer,Clear,Yes,8,16.61
Sajek Valley,Monday,11:29,Winter,Rainy,No,32,38.64
Cox's Bazar,Wednesday,13:38,Summer,Rainy,No,42,56.53
National Zoo,Friday,15:44,Winter,Rainy,No,45,82.13
Cox's Bazar,Sunday,16:25,Monsoon,Clear,No,11,16.9
Cox's Bazar,Monday,08:51,Monsoon,Rainy,Yes,39,48.1
National Zoo,Sunday,11:31,Summer,Clear,Yes,33,51.88
Cox's Bazar,Tuesday,16:09,Summer,Clear,No,27,23.05
Ahsan Manzil,Tuesday,15:35,Winter,Clear,No,27,32.93
Cox's Bazar,Saturday,15:46,Monsoon,Clear,Yes,30,61.66
National Zoo,Wednesday,16:49,Winter,Clear,Yes,36,48.03
Sajek Valley,Thursday,11:52,Monsoon,Clear,No,23,26.6
Cox's Bazar,Friday,15:26,Summer,Clear,No,36,50.99
Ahsan Manzil,Monday,16:34,Monsoon,Rainy,Yes,38,51.48
National Zoo,Tuesday,17:10,Summer,Clear,No,4,6.68
National Zoo,Monday,15:02,Summer,Clear,No,40,40.43
National Zoo,Tuesday,13:12,Winter,Clear,No,17,21.57
Sajek Valley,Wednesday,09:47,Summer,Rainy,No,9,10.78
Sajek Valley,Thursday,17:12,Winter,Clear,Yes,34,45.75
National Zoo,Thursday,14:50,Summer,Clear,No,23,29.83
Sajek Valley,Saturday,13:49,Winter,Clear,No,48,59.24
Ahsan Manzil,Tuesday,16:05,Winter,Clear,No,8,11.8
Cox's Bazar,Tuesday,11:55,Winter,Clear,No,43,48.4
Sajek Valley,Thursday,09:04,Winter,Rainy,No,7,9.82
Ahsan Manzil,Sunday,15:48,Winter,Clear,No,19,25.43
Lalbagh Fort,Monday,17:33,Winter,Clear,No,20,25.66
Ahsan Manzil,Friday,17:07,Summer,Clear,Yes,39,66.2
National Zoo,Tuesday,15:24,Monsoon,Clear,No,20,22.75
Ahsan Manzil,Wednesday,17:18,Summer,Clear,Yes,46,84.75
Lalbagh Fort,Tuesday,17:11,Winter,Clear,Yes,21,43.62
Cox's Bazar,Monday,09:17,Summer,Rainy,No,22,29.42
National Zoo,Tuesday,11:19,Summer,Clear,No,40,35.04
Ahsan Manzil,Tuesday,09:43,Summer,Rainy,Yes,5,10.97
Sajek Valley,Thursday,16:36,Monsoon,Clear,No,10,13.33
Ahsan Manzil,Tuesday,11:18,Monsoon,Clear,No,41,37.43
National Zoo,Sunday,13:54,Winter,Rainy,Yes,25,34.25
National Zoo,Sunday,18:38,Summer,Clear,No,40,37.7
Sajek Valley,Saturday,08:03,Winter,Rainy,No,26,47.79
National Zoo,Sunday,08:31,Summer,Clear,No,22,25.77
National Zoo,Sunday,09:48,Summer,Clear,Yes,14,23.68
Ahsan Manzil,Saturday,15:47,Winter,Clear,Yes,29,56.35
National Zoo,Tuesday,12:06,Monsoon,Clear,Yes,17,24.64
Sajek Valley,Sunday,17:55,Monsoon,Clear,No,9,14.02
Ahsan Manzil,Sunday,12:26,Winter,Clear,No,50,61.81
National Zoo,Friday,14:01,Winter,Rainy,No,19,28.39
National Zoo,Thursday,09:06,Summer,Clear,No,10,13.78
Ahsan Manzil,Tuesday,18:37,Winter,Rainy,No,4,8.74
Ahsan Manzil,Saturday,12:38,Winter,Clear,Yes,29,77.97
Lalbagh Fort,Friday,18:26,Summer,Rainy,No,36,49.7
Lalbagh Fort,Monday,08:40,Summer,Clear,No,14,18.09
National Zoo,Thursday,09:23,Summer,Rainy,Yes,6,12.2
Lalbagh Fort,Saturday,11:15,Winter,Clear,No,22,39.05
Ahsan Manzil,Thursday,10:31,Summer,Clear,No,43,40.29
Sajek Valley,Tuesday,08:00,Summer,Clear,No,40,37.35
National Zoo,Tuesday,17:54,Monsoon,Clear,No,21,27.12
Lalbagh Fort,Monday,10:05,Summer,Clear,No,13,17.25
Sajek Valley,Thursday,17:28,Summer,Clear,Yes,44,77.07
National Zoo,Sunday,08:43,Winter,Rainy,Yes,31,43.25
Cox's Bazar,Saturday,08:28,Winter,Clear,No,8,16.68
Sajek Valley,Tuesday,13:01,Monsoon,Clear,No,28,33.49
Cox's Bazar,Thursday,18:16,Summer,Clear,Yes,49,84.78
National Zoo,Tuesday,15:13,Winter,Clear,No,32,33.07
Ahsan Manzil,Friday,15:42,Summer,Rainy,No,14,22.11
Sajek Valley,Friday,11:49,Monsoon,Rainy,No,27,39.73
Cox's Bazar,Tuesday,11:59,Winter,Clear,No,21,18.09
Ahsan Manzil,Sunday,11:40,Monsoon,Clear,No,1,2.86
Ahsan Manzil,Friday,10:33,Summer,Clear,No,1,2.78
Cox's Bazar,Saturday,14:40,Summer,Clear,Yes,37,92.38
Lalbagh Fort,Sunday,15:37,Monsoon,Clear,Yes,33,62.43
Ahsan Manzil,Monday,17:34,Summer,Rainy,Yes,26,42.38
National Zoo,Saturday,08:35,Monsoon,Clear,Yes,3,10.37
National Zoo,Tuesday,15:14,Winter,Clear,No,45,51.11
Cox's Bazar,Sunday,16:08,Summer,Clear,No,46,56.57
Sajek Valley,Thursday,08:31,Monsoon,Clear,Yes,3,4.73
Cox's Bazar,Saturday,12:32,Summer,Clear,No,31,54.46
Lalbagh Fort,Friday,17:29,Winter,Clear,Yes,27,64.73
National Zoo,Thursday,18:47,Winter,Rainy,Yes,37,56.22
Sajek Valley,Thursday,17:56,Monsoon,Clear,No,35,48.49
Ahsan Manzil,Friday,18:26,Winter,Clear,Yes,38,105.8
Sajek Valley,Sunday,16:00,Winter,Clear,No,50,64.6
Cox's Bazar,Friday,08:03,Winter,Clear,No,22,27.58
National Zoo,Thursday,13:41,Winter,Clear,Yes,29,39.75
Lalbagh Fort,Saturday,09:30,Winter,Clear,Yes,43,112.66
Lalbagh Fort,Thursday,10:51,Summer,Clear,No,45,52.3
Sajek Valley,Wednesday,10:58,Summer,Rainy,Yes,15,26.19
Cox's Bazar,Friday,11:12,Summer,Clear,No,49,87.39
Lalbagh Fort,Sunday,15:12,Summer,Clear,Yes,45,77.55
Cox's Bazar,Wednesday,15:30,Summer,Clear,No,29,34.72
Ahsan Manzil,Monday,10:44,Winter,Clear,Yes,49,72.82
Ahsan Manzil,Tuesday,13:02,Winter,Rainy,No,20,28.18
National Zoo,Sunday,16:27,Summer,Clear,Yes,44,71.29
Cox's Bazar,Friday,18:12,Monsoon,Rainy,No,27,43.28
National Zoo,Monday,16:42,Summer,Clear,No,39,40.2
National Zoo,Wednesday,10:22,Winter,Clear,Yes,41,60.72
Lalbagh Fort,Friday,18:07,Winter,Rainy,Yes,45,118.64
Lalbagh Fort,Saturday,09:05,Monsoon,Clear,No,14,20.67
Lalbagh Fort,Saturday,17:44,Monsoon,Rainy,No,49,52.42
Cox's Bazar,Friday,11:28,Summer,Clear,No,5,8.97
Cox's Bazar,Tuesday,13:16,Summer,Clear,Yes,30,46.63
Ahsan Manzil,Tuesday,16:47,Summer,Clear,Yes,17,27.71
Cox's Bazar,Friday,08:22,Summer,Rainy,No,5,9.46
National Zoo,Tuesday,09:07,Summer,Rainy,Yes,1,4.5
National Zoo,Friday,13:39,Winter,Clear,No,49,59.2
Ahsan Manzil,Wednesday,16:35,Summer,Clear,Yes,1,4.9
Lalbagh Fort,Sunday,09:05,Summer,Clear,Yes,2,6.91
Ahsan Manzil,Thursday,08:25,Monsoon,Rainy,No,46,45.62
Ahsan Manzil,Sunday,10:15,Winter,Clear,No,12,16.82
Sajek Valley,Wednesday,17:29,Summer,Rainy,No,24,30.68
Lalbagh Fort,Monday,14:16,Summer,Clear,Yes,13,25.54
National Zoo,Friday,08:26,Winter,Clear,No,8,13.81
Ahsan Manzil,Sunday,18:31,Summer,Rainy,Yes,30,41.34
Lalbagh Fort,Sunday,10:20,Summer,Rainy,No,23,19.91
Cox's Bazar,Sunday,13:32,Summer,Rainy,Yes,17,29.46
Lalbagh Fort,Thursday,14:42,Winter,Rainy,Yes,35,52.6
Sajek Valley,Wednesday,10:31,Monsoon,Clear,Yes,49,59.28
Sajek Valley,Wednesday,16:19,Summer,Rainy,Yes,14,19.99
Lalbagh Fort,Sunday,11:38,Monsoon,Clear,Yes,34,42.99
Ahsan Manzil,Saturday,15:40,Summer,Clear,No,46,71.18
Sajek Valley,Wednesday,09:40,Monsoon,Clear,No,31,33.82
Lalbagh Fort,Friday,13:52,Winter,Rainy,No,38,65.74
Lalbagh Fort,Tuesday,16:36,Winter,Clear,Yes,2,6.76
Ahsan Manzil,Friday,15:44,Monsoon,Clear,No,22,30.84
Cox's Bazar,Sunday,09:01,Summer,Clear,Yes,35,67.97
Cox's Bazar,Friday,12:28,Monsoon,Clear,Yes,7,17.66
Cox's Bazar,Sunday,17:58,Monsoon,Clear,No,2,6.75
Sajek Valley,Monday,14:18,Summer,Clear,No,15,13.64
Ahsan Manzil,Sunday,15:38,Winter,Clear,Yes,29,47.28
Sajek Valley,Tuesday,16:24,Winter,Clear,No,43,52.6
Lalbagh Fort,Saturday,13:32,Winter,Clear,No,16,24.91
National Zoo,Tuesday,17:01,Monsoon,Clear,No,24,22.34
Cox's Bazar,Saturday,14:24,Winter,Clear,No,31,54.05
Sajek Valley,Sunday,17:31,Winter,Clear,Yes,7,17.68
Ahsan Manzil,Sunday,16:36,Winter,Rainy,Yes,34,66.13
National Zoo,Monday,08:51,Summer,Rainy,No,3,3.89
Cox's Bazar,Sunday,12:09,Monsoon,Clear,Yes,50,96.4
Lalbagh Fort,Sunday,12:02,Summer,Clear,Yes,36,68.94
Sajek Valley,Friday,15:39,Winter,Clear,Yes,37,64.85
Ahsan Manzil,Wednesday,15:40,Summer,Clear,No,30,41.81
Ahsan Manzil,Friday,16:27,Winter,Clear,Yes,8,19.57
Ahsan Manzil,Tuesday,15:10,Summer,Rainy,No,13,19.29
National Zoo,Wednesday,15:29,Summer,Clear,Yes,11,26.17
Ahsan Manzil,Wednesday,08:25,Monsoon,Clear,Yes,22,43.0
Ahsan Manzil,Saturday,11:33,Monsoon,Clear,No,11,14.51
Cox's Bazar,Saturday,09:44,Winter,Clear,Yes,12,25.24
Cox's Bazar,Monday,15:35,Winter,Rainy,No,34,35.79
Cox's Bazar,Thursday,11:45,Winter,Rainy,No,41,52.89
National Zoo,Thursday,14:17,Monsoon,Rainy,No,30,38.09
Cox's Bazar,Friday,16:42,Winter,Clear,No,45,62.93
Ahsan Manzil,Monday,10:26,Winter,Rainy,Yes,32,55.0
National Zoo,Tuesday,13:21,Summer,Clear,No,44,51.21
Cox's Bazar,Wednesday,12:05,Summer,Clear,No,26,35.09
Lalbagh Fort,Wednesday,09:33,Summer,Rainy,No,8,11.54
National Zoo,Tuesday,10:36,Summer,Clear,Yes,16,32.13
Lalbagh Fort,Saturday,16:23,Summer,Rainy,No,47,69.63
Sajek Valley,Saturday,17:31,Monsoon,Clear,No,14,19.42
National Zoo,Tuesday,18:06,Monsoon,Rainy,No,23,24.26
National Zoo,Thursday,10:52,Winter,Clear,No,28,29.51
Cox's Bazar,Wednesday,17:36,Summer,Clear,Yes,17,29.75
Cox's Bazar,Tuesday,11:19,Summer,Clear,No,14,18.05
Sajek Valley,Monday,09:06,Summer,Clear,Yes,27,45.29
Sajek Valley,Tuesday,14:39,Monsoon,Rainy,No,10,9.05
National Zoo,Friday,08:12,Monsoon,Rainy,No,38,47.65
National Zoo,Tuesday,09:06,Winter,Clear,No,27,26.77
Lalbagh Fort,Tuesday,09:56,Monsoon,Rainy,No,10,10.93
National Zoo,Thursday,12:33,Winter,Clear,No,27,28.9
Lalbagh Fort,Friday,13:30,Summer,Clear,No,6,8.76
Cox's Bazar,Wednesday,11:07,Monsoon,Rainy,No,37,42.5
Lalbagh Fort,Tuesday,09:14,Summer,Clear,No,46,62.31
Lalbagh Fort,Sunday,14:11,Winter,Clear,No,37,49.19
Lalbagh Fort,Saturday,16:07,Summer,Clear,No,19,33.77
Sajek Valley,Thursday,17:44,Summer,Rainy,Yes,29,56.61
National Zoo,Friday,10:29,Summer,Clear,No,37,42.54
Ahsan Manzil,Saturday,13:09,Summer,Clear,No,37,48.25
Sajek Valley,Monday,11:40,Monsoon,Clear,No,36,46.47
Sajek Valley,Tuesday,18:52,Summer,Clear,Yes,46,76.53
Cox's Bazar,Friday,15:23,Summer,Clear,Yes,34,73.73
National Zoo,Friday,12:38,Monsoon,Clear,No,14,28.18
Sajek Valley,Monday,18:36,Summer,Clear,No,44,44.23
Lalbagh Fort,Saturday,08:29,Summer,Clear,Yes,38,76.94
Ahsan Manzil,Thursday,10:43,Winter,Rainy,Yes,39,62.75
Sajek Valley,Wednesday,09:01,Summer,Clear,No,13,20.05
Sajek Valley,Tuesday,14:40,Monsoon,Clear,No,38,50.47
National Zoo,Saturday,09:01,Winter,Clear,No,39,59.74
Ahsan Manzil,Monday,15:25,Summer,Clear,No,28,36.42
Cox's Bazar,Tuesday,09:57,Summer,Clear,Yes,39,67.07
Lalbagh Fort,Wednesday,11:21,Winter,Clear,Yes,0,3.46
Ahsan Manzil,Tuesday,11:32,Winter,Clear,No,17,21.85
Lalbagh Fort,Tuesday,16:19,Winter,Rainy,No,18,18.13
Sajek Valley,Saturday,18:19,Winter,Clear,No,14,21.17
Ahsan Manzil,Tuesday,18:39,Winter,Rainy,Yes,0,3.38
National Zoo,Monday,16:38,Summer,Clear,No,17,26.01
Cox's Bazar,Saturday,13:32,Summer,Clear,No,39,52.33
Lalbagh Fort,Saturday,12:07,Summer,Clear,No,41,74.8
Sajek Valley,Saturday,08:12,Summer,Rainy,No,45,81.45
Cox's Bazar,Sunday,13:26,Monsoon,Clear,No,13,17.82
Ahsan Manzil,Monday,17:49,Summer,Clear,No,34,35.76
Lalbagh Fort,Thursday,12:35,Winter,Rainy,Yes,42,81.73
Ahsan Manzil,Friday,18:18,Summer,Clear,No,33,51.04
Sajek Valley,Sunday,08:55,Monsoon,Clear,Yes,43,56.91
Cox's Bazar,Thursday,15:38,Winter,Clear,Yes,11,22.41
Cox's Bazar,Tuesday,16:27,Summer,Clear,No,9,13.13
Lalbagh Fort,Friday,18:24,Monsoon,Clear,Yes,18,43.89
Cox's Bazar,Saturday,10:43,Monsoon,Clear,No,27,39.52
Ahsan Manzil,Saturday,11:35,Summer,Clear,No,2,5.96
Lalbagh Fort,Monday,13:43,Monsoon,Clear,No,29,35.27
Sajek Valley,Saturday,11:58,Winter,Clear,Yes,7,20.74
Sajek Valley,Saturday,12:07,Winter,Clear,No,12,21.54
Lalbagh Fort,Tuesday,10:08,Monsoon,Clear,No,17,20.29
National Zoo,Tuesday,18:27,Monsoon,Clear,Yes,42,84.28
Ahsan Manzil,Tuesday,16:16,Monsoon,Rainy,Yes,5,13.01
National Zoo,Saturday,09:06,Winter,Clear,Yes,39,89.04
Ahsan Manzil,Monday,09:40,Winter,Clear,No,26,25.91
Cox's Bazar,Wednesday,16:33,Winter,Clear,No,14,13.36
National Zoo,Thursday,11:52,Monsoon,Clear,Yes,21,30.28
Lalbagh Fort,Sunday,17:35,Monsoon,Clear,No,16,20.85
Lalbagh Fort,Sunday,12:18,Monsoon,Rainy,Yes,46,75.44
National Zoo,Saturday,10:43,Winter,Clear,No,10,22.19
Lalbagh Fort,Wednesday,08:59,Monsoon,Clear,Yes,30,58.49
Cox's Bazar,Saturday,12:42,Summer,Clear,No,32,52.66
Lalbagh Fort,Saturday,09:48,Winter,Clear,Yes,16,36.49
Cox's Bazar,Saturday,18:39,Winter,Rainy,No,38,62.91
Ahsan Manzil,Friday,15:03,Winter,Rainy,No,24,44.35
Lalbagh Fort,Monday,14:39,Monsoon,Clear,No,45,53.81
Cox's Bazar,Saturday,15:29,Summer,Clear,Yes,18,45.85
Lalbagh Fort,Sunday,09:04,Winter,Clear,Yes,21,32.26
Cox's Bazar,Friday,14:27,Monsoon,Clear,No,48,80.83
Ahsan Manzil,Sunday,12:56,Summer,Clear,No,36,47.45
Lalbagh Fort,Wednesday,12:44,Monsoon,Clear,Yes,50,64.51
Sajek Valley,Monday,10:56,Summer,Clear,No,9,12.84
National Zoo,Tuesday,14:57,Winter,Clear,No,0,0.52
Sajek Valley,Wednesday,10:37,Monsoon,Clear,No,11,14.13
Cox's Bazar,Tuesday,11:55,Winter,Rainy,No,33,43.66
Ahsan Manzil,Thursday,13:58,Summer,Clear,No,21,25.56
Ahsan Manzil,Saturday,17:08,Monsoon,Clear,No,43,53.83
National Zoo,Wednesday,08:32,Winter,Clear,No,3,7.73
Sajek Valley,Monday,08:11,Summer,Clear,Yes,49,63.84
Sajek Valley,Wednesday,13:48,Winter,Clear,Yes,49,77.49
National Zoo,Monday,11:00,Winter,Clear,No,45,50.55
Cox's Bazar,Thursday,17:38,Summer,Clear,No,46,59.81
National Zoo,Sunday,17:19,Summer,Rainy,No,13,19.8
Lalbagh Fort,Sunday,08:43,Winter,Clear,No,31,34.9
Cox's Bazar,Monday,09:47,Winter,Clear,No,22,31.97
National Zoo,Sunday,17:24,Winter,Clear,Yes,42,74.29
Cox's Bazar,Thursday,09:52,Monsoon,Clear,No,16,19.03
Lalbagh Fort,Monday,11:43,Summer,Clear,No,45,55.63
Cox's Bazar,Monday,18:51,Summer,Clear,No,19,24.59
Sajek Valley,Wednesday,10:40,Monsoon,Clear,No,33,37.0
Sajek Valley,Thursday,13:01,Monsoon,Clear,Yes,1,5.59
Ahsan Manzil,Saturday,16:57,Winter,Rainy,Yes,13,27.35
Cox's Bazar,Tuesday,10:15,Monsoon,Rainy,No,8,9.22
National Zoo,Sunday,10:30,Summer,Rainy,No,44,56.52
Lalbagh Fort,Wednesday,09:18,Monsoon,Clear,No,23,26.32
Sajek Valley,Saturday,11:53,Monsoon,Clear,No,4,11.18
Sajek Valley,Thursday,12:51,Monsoon,Clear,Yes,30,50.08
Cox's Bazar,Monday,12:08,Winter,Rainy,No,13,16.95
Lalbagh Fort,Saturday,08:30,Winter,Clear,Yes,43,117.8
Cox's Bazar,Monday,14:25,Winter,Rainy,Yes,39,75.22
Sajek Valley,Tuesday,09:47,Summer,Clear,No,37,41.83
Ahsan Manzil,Saturday,14:15,Monsoon,Rainy,No,28,33.78
National Zoo,Tuesday,08:20,Summer,Clear,No,26,26.91
Cox's Bazar,Sunday,15:10,Winter,Clear,No,12,13.46
Lalbagh Fort,Wednesday,08:22,Summer,Rainy,No,46,54.16
Cox's Bazar,Saturday,18:00,Summer,Rainy,Yes,17,39.73
Ahsan Manzil,Friday,17:34,Summer,Clear,No,36,43.6
Cox's Bazar,Friday,12:20,Winter,Clear,No,43,67.55
Cox's Bazar,Saturday,10:17,Monsoon,Clear,No,10,18.29
Cox's Bazar,Thursday,18:37,Summer,Rainy,No,49,52.27
Sajek Valley,Thursday,16:39,Summer,Clear,No,30,32.49
Cox's Bazar,Saturday,12:29,Winter,Clear,Yes,27,57.77
Ahsan Manzil,Sunday,08:44,Monsoon,Rainy,Yes,32,47.48
Ahsan Manzil,Monday,09:29,Monsoon,Clear,No,18,22.43
National Zoo,Friday,15:23,Monsoon,Clear,Yes,47,119.19
Ahsan Manzil,Saturday,17:21,Summer,Clear,No,33,54.72
Lalbagh Fort,Saturday,11:34,Winter,Rainy,No,33,38.04
National Zoo,Thursday,10:22,Monsoon,Rainy,Yes,44,68.94
Lalbagh Fort,Friday,13:28,Monsoon,Clear,Yes,38,82.33
Cox's Bazar,Monday,13:34,Summer,Clear,No,31,35.87
Sajek Valley,Wednesday,10:22,Winter,Clear,No,42,52.8
Lalbagh Fort,Wednesday,17:58,Monsoon,Clear,No,32,32.41
Lalbagh Fort,Monday,16:30,Summer,Clear,No,33,38.3
Sajek Valley,Saturday,17:27,Summer,Clear,No,35,63.37
Cox's Bazar,Friday,09:37,Winter,Rainy,No,0,4.53
Sajek Valley,Saturday,10:48,Winter,Clear,Yes,28,50.17
Ahsan Manzil,Tuesday,13:41,Winter,Clear,No,44,37.61
Cox's Bazar,Wednesday,11:57,Winter,Clear,Yes,44,70.84
Ahsan Manzil,Saturday,09:04,Summer,Clear,No,15,26.62
National Zoo,Thursday,11:29,Monsoon,Clear,No,38,39.97
Ahsan Manzil,Monday,13:02,Winter,Clear,Yes,24,48.48
National Zoo,Saturday,09:49,Summer,Clear,Yes,1,6.74
National Zoo,Monday,11:46,Summer,Rainy,No,35,42.56
Sajek Valley,Sunday,12:45,Summer,Rainy,No,28,26.37
National Zoo,Friday,11:48,Summer,Clear,No,30,54.76
Lalbagh Fort,Friday,18:20,Summer,Rainy,Yes,40,79.54
Ahsan Manzil,Wednesday,18:42,Monsoon,Clear,No,7,10.13
Cox's Bazar,Monday,15:08,Monsoon,Clear,No,43,39.23
Lalbagh Fort,Wednesday,16:34,Summer,Clear,Yes,18,26.01
Cox's Bazar,Friday,15:31,Summer,Clear,No,24,44.41
Ahsan Manzil,Wednesday,16:07,Summer,Rainy,No,1,1.34
Sajek Valley,Monday,11:18,Monsoon,Clear,No,14,17.63
Sajek Valley,Friday,13:16,Monsoon,Clear,Yes,16,38.5
Cox's Bazar,Wednesday,17:05,Winter,Clear,Yes,32,45.23
National Zoo,Friday,12:43,Winter,Clear,Yes,11,29.53
Cox's Bazar,Sunday,11:09,Summer,Rainy,Yes,34,55.93
Sajek Valley,Monday,12:06,Summer,Clear,No,46,48.1
National Zoo,Saturday,11:05,Monsoon,Clear,Yes,31,58.58
Lalbagh Fort,Wednesday,13:05,Summer,Rainy,No,18,21.4
Sajek Valley,Friday,18:16,Summer,Clear,No,50,64.23
National Zoo,Friday,17:35,Monsoon,Rainy,No,43,49.12
Lalbagh Fort,Wednesday,08:35,Monsoon,Clear,No,15,21.68
National Zoo,Friday,15:19,Winter,Rainy,No,24,38.18
National Zoo,Thursday,12:04,Summer,Clear,Yes,30,45.07
Ahsan Manzil,Sunday,13:02,Winter,Clear,Yes,0,0.72
Ahsan Manzil,Friday,16:34,Monsoon,Clear,Yes,30,86.02
Ahsan Manzil,Thursday,11:58,Summer,Rainy,Yes,48,66.51
National Zoo,Wednesday,10:58,Summer,Clear,Yes,39,72.43
National Zoo,Friday,16:39,Monsoon,Clear,Yes,33,72.27
Cox's Bazar,Friday,10:46,Monsoon,Rainy,No,1,5.24
Sajek Valley,Thursday,12:46,Winter,Rainy,Yes,40,50.01
Sajek Valley,Tuesday,13:25,Summer,Clear,No,14,15.29
Lalbagh Fort,Friday,17:10,Summer,Clear,No,34,64.32
Lalbagh Fort,Tuesday,17:44,Winter,Rainy,No,10,13.89
Sajek Valley,Saturday,15:37,Summer,Rainy,No,40,65.54
Cox's Bazar,Tuesday,08:44,Summer,Clear,No,3,7.17
Ahsan Manzil,Saturday,08:47,Summer,Rainy,No,21,33.69
Ahsan Manzil,Saturday,11:35,Summer,Clear,No,40,69.6
Sajek Valley,Sunday,09:04,Summer,Clear,No,17,19.9
Cox's Bazar,Friday,18:58,Monsoon,Rainy,No,35,43.06
Sajek Valley,Tuesday,10:58,Summer,Clear,No,44,53.78
National Zoo,Wednesday,12:40,Summer,Rainy,No,33,39.55
Lalbagh Fort,Sunday,12:29,Summer,Rainy,No,15,15.58
Cox's Bazar,Thursday,14:19,Monsoon,Clear,Yes,42,54.86
Sajek Valley,Saturday,18:20,Winter,Clear,No,6,8.3
Cox's Bazar,Saturday,18:43,Summer,Rainy,No,47,67.04
Cox's Bazar,Sunday,16:23,Monsoon,Rainy,Yes,10,19.15
Lalbagh Fort,Saturday,08:52,Winter,Rainy,No,34,59.45
Sajek Valley,Sunday,18:45,Summer,Clear,Yes,48,81.4
Cox's Bazar,Thursday,13:04,Monsoon,Clear,No,38,48.21
Lalbagh Fort,Tuesday,15:52,Monsoon,Rainy,Yes,6,10.27
Cox's Bazar,Monday,12:16,Monsoon,Clear,Yes,46,78.69
Lalbagh Fort,Wednesday,11:40,Winter,Clear,No,42,48.44
Cox's Bazar,Wednesday,08:01,Summer,Clear,No,0,1.25
Ahsan Manzil,Thursday,16:21,Monsoon,Clear,No,45,48.16
Cox's Bazar,Monday,12:41,Winter,Rainy,Yes,48,80.12
National Zoo,Saturday,16:24,Winter,Clear,No,9,16.02
Lalbagh Fort,Wednesday,10:41,Monsoon,Clear,Yes,23,36.29
Cox's Bazar,Monday,11:45,Summer,Rainy,No,28,33.78
Ahsan Manzil,Monday,14:10,Summer,Clear,Yes,28,58.02
Lalbagh Fort,Tuesday,11:54,Monsoon,Rainy,No,40,32.15
Sajek Valley,Saturday,10:59,Winter,Clear,Yes,28,62.4
Sajek Valley,Monday,09:04,Winter,Clear,Yes,31,51.11
National Zoo,Sunday,08:59,Winter,Clear,Yes,33,60.02
Cox's Bazar,Thursday,12:18,Monsoon,Clear,No,45,45.99
Lalbagh Fort,Sunday,18:58,Monsoon,Clear,No,12,19.35
Lalbagh Fort,Friday,10:51,Winter,Clear,No,15,21.13
Sajek Valley,Thursday,10:50,Winter,Rainy,No,44,49.44
Ahsan Manzil,Tuesday,17:23,Summer,Clear,Yes,27,50.06
Lalbagh Fort,Monday,08:23,Winter,Rainy,Yes,25,44.56
Lalbagh Fort,Sunday,11:45,Winter,Clear,Yes,4,8.4
Ahsan Manzil,Thursday,18:13,Monsoon,Clear,Yes,47,78.28
Lalbagh Fort,Sunday,09:33,Summer,Clear,Yes,20,32.86
Sajek Valley,Saturday,14:00,Winter,Clear,No,37,42.87
Lalbagh Fort,Wednesday,14:28,Summer,Clear,No,6,9.47
Sajek Valley,Friday,11:15,Monsoon,Clear,No,17,27.32
Lalbagh Fort,Saturday,14:51,Winter,Clear,Yes,23,46.99
Lalbagh Fort,Friday,14:53,Summer,Clear,No,41,64.36
Ahsan Manzil,Monday,14:00,Monsoon,Clear,Yes,2,6.98
Ahsan Manzil,Sunday,16:47,Monsoon,Rainy,Yes,42,54.74
Sajek Valley,Wednesday,18:19,Monsoon,Rainy,No,33,28.7
National Zoo,Saturday,14:41,Summer,Clear,No,3,5.95
National Zoo,Thursday,17:06,Winter,Rainy,No,49,45.81
Cox's Bazar,Saturday,12:33,Summer,Clear,No,11,18.65
National Zoo,Sunday,11:20,Summer,Clear,Yes,19,27.65
Sajek Valley,Friday,14:37,Winter,Clear,No,42,55.33
Sajek Valley,Sunday,12:04,Monsoon,Clear,Yes,49,66.94
National Zoo,Sunday,16:59,Monsoon,Rainy,Yes,33,40.03
Cox's Bazar,Saturday,17:55,Summer,Clear,Yes,44,119.54
Ahsan Manzil,Thursday,08:59,Summer,Rainy,Yes,38,67.79
Cox's Bazar,Saturday,08:22,Winter,Clear,No,1,2.27
Cox's Bazar,Sunday,18:51,Monsoon,Clear,No,33,34.6
Ahsan Manzil,Wednesday,18:27,Monsoon,Clear,Yes,49,92.63
Sajek Valley,Thursday,16:37,Monsoon,Rainy,Yes,7,13.72
Lalbagh Fort,Saturday,09:42,Winter,Clear,No,11,21.4
Sajek Valley,Wednesday,15:48,Summer,Clear,No,30,26.42
National Zoo,Tuesday,08:31,Winter,Clear,Yes,40,75.75
Ahsan Manzil,Friday,10:13,Summer,Clear,Yes,15,29.52
Lalbagh Fort,Friday,16:15,Summer,Rainy,Yes,12,36.54
Cox's Bazar,Tuesday,11:38,Winter,Clear,No,14,14.06
National Zoo,Sunday,10:17,Summer,Clear,No,43,50.96
Sajek Valley,Tuesday,09:34,Summer,Clear,Yes,27,49.84
Cox's Bazar,Monday,13:25,Winter,Clear,Yes,31,54.8
National Zoo,Tuesday,10:00,Winter,Rainy,No,33,38.08
Sajek Valley,Tuesday,08:36,Winter,Clear,No,7,11.36
National Zoo,Friday,10:30,Summer,Rainy,No,31,58.98
National Zoo,Wednesday,15:37,Winter,Clear,Yes,5,10.24
National Zoo,Saturday,09:58,Monsoon,Clear,Yes,1,3.74
Cox's Bazar,Monday,09:35,Summer,Rainy,No,43,55.9
Sajek Valley,Thursday,16:13,Winter,Rainy,Yes,39,71.42
Cox's Bazar,Friday,13:37,Monsoon,Rainy,No,30,45.28
National Zoo,Friday,18:03,Summer,Clear,No,9,14.44
National Zoo,Saturday,12:19,Summer,Rainy,Yes,48,107.03
Lalbagh Fort,Friday,16:33,Summer,Rainy,Yes,27,55.0
National Zoo,Saturday,10:48,Summer,Clear,No,31,54.73
National Zoo,Tuesday,18:53,Summer,Clear,Yes,43,78.49
Lalbagh Fort,Sunday,09:04,Summer,Clear,No,40,47.63
Lalbagh Fort,Friday,15:22,Summer,Clear,Yes,48,102.73
Cox's Bazar,Sunday,11:26,Monsoon,Rainy,No,16,22.49
Cox's Bazar,Friday,08:59,Monsoon,Clear,No,18,34.53
Lalbagh Fort,Saturday,13:43,Summer,Clear,No,30,51.79
National Zoo,Wednesday,12:57,Winter,Clear,No,21,30.58
Lalbagh Fort,Friday,09:59,Summer,Clear,No,18,31.79
National Zoo,Thursday,10:51,Monsoon,Clear,No,0,1.08
Cox's Bazar,Wednesday,11:12,Winter,Clear,No,44,39.01
Lalbagh Fort,Tuesday,13:09,Summer,Rainy,No,35,45.14
Ahsan Manzil,Monday,14:36,Monsoon,Rainy,Yes,5,11.46
Cox's Bazar,Monday,11:39,Monsoon,Clear,No,45,38.39
Ahsan Manzil,Saturday,14:19,Winter,Clear,Yes,6,18.45
National Zoo,Monday,14:04,Winter,Clear,Yes,34,50.26
National Zoo,Monday,10:14,Summer,Clear,Yes,39,51.69
Lalbagh Fort,Saturday,13:27,Summer,Clear,Yes,43,87.94
National Zoo,Friday,12:03,Summer,Rainy,No,10,18.64
Lalbagh Fort,Thursday,12:24,Monsoon,Clear,No,31,31.57
Lalbagh Fort,Friday,10:20,Summer,Clear,No,2,8.28
Cox's Bazar,Monday,15:21,Monsoon,Rainy,No,48,46.73
Sajek Valley,Thursday,09:25,Winter,Clear,Yes,21,30.23
Cox's Bazar,Wednesday,11:26,Summer,Clear,Yes,17,23.9
Ahsan Manzil,Monday,10:46,Summer,Clear,No,0,3.26
Cox's Bazar,Saturday,18:04,Summer,Rainy,No,24,32.43
Sajek Valley,Thursday,09:58,Summer,Rainy,No,17,17.7
Ahsan Manzil,Friday,11:13,Summer,Clear,No,20,29.91
Lalbagh Fort,Tuesday,16:33,Winter,Clear,Yes,48,66.68
National Zoo,Wednesday,10:14,Winter,Clear,No,42,51.53
Ahsan Manzil,Monday,10:38,Monsoon,Rainy,No,10,9.6
National Zoo,Thursday,14:15,Summer,Rainy,Yes,48,83.15
Lalbagh Fort,Monday,15:39,Summer,Clear,Yes,2,7.21
Lalbagh Fort,Thursday,15:45,Winter,Clear,No,1,3.75
Ahsan Manzil,Wednesday,15:24,Winter,Rainy,No,31,40.33
Ahsan Manzil,Friday,09:21,Winter,Clear,Yes,29,61.01
Cox's Bazar,Sunday,12:24,Winter,Clear,Yes,36,66.45
Ahsan Manzil,Wednesday,08:26,Summer,Rainy,No,0,3.35
National Zoo,Monday,10:16,Summer,Clear,Yes,1,5.84
Sajek Valley,Saturday,17:46,Winter,Rainy,No,46,66.05
Lalbagh Fort,Sunday,08:47,Summer,Clear,Yes,41,66.11
Sajek Valley,Monday,10:15,Winter,Rainy,Yes,10,18.25
Ahsan Manzil,Thursday,17:01,Summer,Clear,No,13,13.36
Ahsan Manzil,Friday,17:47,Winter,Clear,No,34,59.75
Sajek Valley,Sunday,12:32,Summer,Clear,No,45,46.26
Cox's Bazar,Tuesday,15:21,Monsoon,Rainy,Yes,8,13.91
Sajek Valley,Thursday,15:25,Summer,Rainy,Yes,14,21.45
National Zoo,Wednesday,11:50,Summer,Clear,No,0,4.57
National Zoo,Monday,18:52,Monsoon,Clear,No,22,21.79
Cox's Bazar,Monday,08:07,Summer,Clear,No,41,44.69
Sajek Valley,Friday,15:22,Monsoon,Clear,No,39,56.8
Cox's Bazar,Sunday,13:16,Winter,Clear,No,13,15.93
Cox's Bazar,Monday,08:34,Summer,Clear,Yes,50,84.93
Ahsan Manzil,Thursday,09:11,Summer,Clear,Yes,25,48.59
National Zoo,Tuesday,08:52,Monsoon,Clear,No,19,24.37
Cox's Bazar,Tuesday,09:36,Winter,Clear,No,43,39.92
Sajek Valley,Sunday,12:41,Summer,Rainy,No,8,10.31
Cox's Bazar,Monday,10:19,Monsoon,Rainy,No,46,49.43
Sajek Valley,Tuesday,10:40,Summer,Clear,Yes,34,65.32
Ahsan Manzil,Saturday,14:34,Summer,Clear,Yes,40,78.85
Lalbagh Fort,Monday,09:01,Winter,Rainy,No,11,13.17
Ahsan Manzil,Wednesday,08:15,Winter,Clear,No,48,49.13
Sajek Valley,Tuesday,09:47,Monsoon,Clear,Yes,7,13.31
Sajek Valley,Wednesday,10:48,Monsoon,Rainy,No,40,35.85
Sajek Valley,Monday,17:33,Monsoon,Clear,No,0,0.79
Sajek Valley,Saturday,08:26,Winter,Clear,No,15,21.73
Cox's Bazar,Sunday,15:51,Winter,Clear,Yes,50,101.37
Cox's Bazar,Thursday,16:23,Winter,Clear,Yes,10,17.5
Lalbagh Fort,Saturday,14:05,Winter,Rainy,Yes,25,53.47
Ahsan Manzil,Wednesday,16:59,Winter,Clear,No,15,20.67
Ahsan Manzil,Sunday,14:33,Winter,Clear,No,46,44.77
Ahsan Manzil,Friday,10:32,Summer,Clear,No,28,41.4
Ahsan Manzil,Tuesday,17:15,Winter,Clear,Yes,37,72.25
National Zoo,Monday,10:44,Winter,Clear,No,42,44.29
Sajek Valley,Saturday,16:49,Summer,Clear,No,9,11.99
National Zoo,Saturday,12:03,Monsoon,Clear,Yes,45,86.25
Lalbagh Fort,Wednesday,09:28,Monsoon,Clear,No,8,13.43
Cox's Bazar,Sunday,15:36,Winter,Clear,No,0,0.76
